0.0007745,0.000463226,0.000370802,0.000468792,0.000491556,0.000619387,0.000371961,0.000564404,0.000228136,0.000258765,0.000405916,0.000389323,0.000353624,0.000398207,0.000377409,0.000353754,0.00049258,0.00048144,0.0006131,0.000522126,0.000372526,0.000398342,0.000288076,0.000377416,0.000394687,0.000481357,0.000316689,0.000729599,0.000436025,0.000555529,0.000687516,0.000399122,0.000372651,0.000315324,0.000337618,0.000501841,0.000488208,0.000390582,0.000319799,0.00026464,0.000337314,0.00041368,0.000235156,0.000364644,0.000247744,0.000682982,0.000317331,0.000647549,0.000313639,0.000288302,0.000469323,0.000414585,0.000349487,0.000400897,0.00043534,0.000527128,0.000302039,0.000332957,0.000466756,0.000259155,0.000350809,0.000257463,0.000379268,0.000194252,0.000360813,-3.78322e-05,0.00047418,0.000532489,0.000206469,0.000412017,0.000370268,0.000484661,0.00039318,0.000235817,0.000458348,0.000391342,0.000403579,0.000350759,0.0002422,0.000372403,0.000404943,0.000229223,0.000312519,0.00286202,-1
0.000463226,0.000842788,0.000487248,0.000477967,0.000527296,0.000538015,0.000734951,0.000559628,0.000378586,0.000192998,0.000490825,0.00047341,0.000282445,0.000607269,0.000650751,0.000457248,0.000505975,0.0003557,0.000474778,0.00034305,0.000530223,0.000445945,0.000378769,0.000455115,0.000629724,0.000519105,0.000314994,0.000706468,0.000475066,0.000543228,0.00048144,0.000542429,0.000428383,0.000384753,0.000360226,0.000501864,0.000426675,0.000476957,0.000401971,0.000214827,0.00031774,0.000420566,0.000219564,0.000377916,0.000278564,0.00057434,0.000397708,0.000698951,0.000400437,0.000180662,0.000528794,0.000499858,0.000358447,0.000371902,0.000379264,0.000639964,0.000385299,0.000499752,0.000491813,0.000266327,0.000542667,0.000364473,0.000422127,0.00027343,0.000539755,0.000135401,0.000399171,0.000386446,0.000323103,0.000474491,0.000452847,0.000487866,0.000379729,0.000325294,0.000497967,0.000451078,0.000339107,0.000301776,0.000288371,0.00039467,0.000415711,0.000168363,0.000273573,-0.00106724,-1
0.000370802,0.000487248,0.000811074,0.000488305,0.000577031,0.000571887,0.000501139,0.000538984,0.000597393,0.000229295,0.000358323,0.00033857,0.000380266,0.000367312,0.000444126,0.000337184,0.000467506,0.000417774,0.000388094,0.000298989,0.000444581,0.000619956,0.000340289,0.000447524,0.00054112,0.000454101,0.000348835,0.00054289,0.000488362,0.000528512,0.000461827,0.000330507,0.000427232,0.000330817,0.000307111,0.000346566,0.000327955,0.00049413,0.00045603,0.000248342,0.000431009,0.000529849,0.000427083,0.000387424,0.000267219,0.000428807,0.000357654,0.000635844,0.000379656,0.000309141,0.00042115,0.000454512,0.000290272,0.000422827,0.0004286,0.000567624,0.000402787,0.000398242,0.000562513,0.000276201,0.000333129,0.000265865,0.000432652,0.000254745,0.000373996,6.76326e-05,0.000416623,0.00035382,0.000400675,0.000461554,0.000437961,0.000450551,0.000382176,0.000262402,0.000424027,0.000469417,0.000369217,0.000263063,0.000288052,0.000401275,0.000409747,0.000349202,0.00030949,0.00165752,-1
0.000468792,0.000477967,0.000488305,0.00113144,0.000578551,0.000614206,0.000416329,0.000558123,0.000500351,0.000367733,0.000402565,0.000346856,0.000395323,0.000459769,0.000422262,0.000450354,0.00061078,0.000537733,0.000544171,0.000614424,0.000511578,0.000670105,0.000446935,0.000513849,0.000412162,0.000614421,0.000419533,0.000610614,0.000460448,0.000563654,0.000251484,0.000614849,0.000500108,0.000387522,0.000330958,0.000443729,0.000389439,0.000611567,0.000489884,0.000454984,0.000491781,0.000525925,0.0003267,0.000448365,0.000352154,0.00053286,0.000467864,0.000693904,0.000464268,0.000558328,0.000559658,0.000466251,0.000411427,0.000584311,0.000703821,0.000717193,0.000442056,0.000510973,0.000610811,0.000477,0.000328429,0.000378084,0.000688967,0.000635845,0.000392222,-0.000102357,0.00072422,0.000438627,0.000567438,0.000563458,0.00044835,0.000447933,0.000447646,0.000294296,0.000610447,0.000505751,0.000583985,0.000444782,0.00054673,0.00046471,0.000543141,5.84237e-05,0.000570556,0.000159126,-1
0.000491556,0.000527296,0.000577031,0.000578551,0.00130131,0.000715581,0.000555913,0.00051808,0.000470161,0.000554566,0.000427959,0.000418235,0.000554722,0.00038479,0.000416527,0.000462204,0.000681385,0.000743575,0.000503861,0.000741169,0.000621534,0.000397075,0.000501476,0.000727887,0.000499518,0.000762939,0.00049226,0.00061549,0.000607504,0.000713807,0.000614908,0.00071471,0.000582044,0.000524769,0.000509404,0.000470822,0.000609913,0.000866772,0.000633018,0.000551018,0.000668768,0.00065172,0.0004455,0.000593835,0.00032969,0.000530724,0.000501816,0.000756139,0.000535026,0.00058884,0.000547606,0.000495026,0.000612086,0.000652515,0.000760411,0.000958224,0.000654646,0.000604584,0.000721533,0.000651189,0.00031114,0.000385943,0.000920332,0.000537323,0.000520828,-0.000147826,0.000864502,0.000495465,0.000712336,0.000692357,0.000509904,0.000420361,0.000436135,0.000320535,0.000883732,0.000622133,0.000792501,0.000823174,0.000678451,0.000481122,0.000681908,0.000423247,0.00042607,-0.00305793,-1
0.000619387,0.000538015,0.000571887,0.000614206,0.000715581,0.00121847,0.000610815,0.000966477,0.000447235,0.000394334,0.000403572,0.000423193,0.000530683,0.000473093,0.000437903,0.000459294,0.000679338,0.000640205,0.00069527,0.000633924,0.000485437,0.000631126,0.000396543,0.000529265,0.000642054,0.000694494,0.000499814,0.00104612,0.000534134,0.00076467,0.000754315,0.000503147,0.000499686,0.000406648,0.000455619,0.000608916,0.000527845,0.000582154,0.000478585,0.00056185,0.000469483,0.000638177,0.000344432,0.000520774,0.000361751,0.000877547,0.000394434,0.000868531,0.000423599,0.000325066,0.000536585,0.000468617,0.000506291,0.000423576,0.000614584,0.000721419,0.000412718,0.000461857,0.000624873,0.000398421,0.000515956,0.000362094,0.000631861,0.00039389,0.000489292,3.84554e-05,0.000676907,0.000680763,0.000529584,0.000626698,0.000451264,0.000594827,0.000486637,0.000338708,0.000674988,0.000397781,0.000577478,0.000469064,0.000436363,0.000504862,0.000537599,0.00043276,0.000485509,0.00237257,-1
0.000371961,0.000734951,0.000501139,0.000416329,0.000555913,0.000610815,0.00153204,0.000545654,0.000532752,0.000254878,0.000527621,0.000544546,0.000215396,0.000620749,0.000598838,0.000415182,0.000540756,0.000439031,0.000373534,0.000423743,0.000499254,0.000566923,0.000424202,0.000564155,0.000643432,0.000546706,0.000339996,0.000763465,0.000400799,0.000571695,0.000425396,0.000366823,0.000411931,0.000417161,0.000364553,0.000337416,0.000423279,0.000407724,0.000440742,0.000162553,0.000440126,0.000481972,0.000283488,0.000415369,0.000193884,0.000496769,0.000368604,0.000778455,0.00041769,0.000287212,0.000608661,0.000516556,0.000411254,0.000466221,0.000349171,0.000666394,0.000364214,0.000432711,0.000449696,0.000320921,0.000547223,0.000400403,0.00044242,0.000401948,0.000479679,8.42284e-05,0.000403304,0.000266162,0.000351152,0.000425139,0.000425758,0.000429078,1.84583e-05,0.000338453,0.000473242,0.000473372,0.000345794,0.000245868,0.000263821,0.000442869,0.000432463,0.000156247,0.000341136,-0.00203712,-1
0.000564404,0.000559628,0.000538984,0.000558123,0.00051808,0.000966477,0.000545654,0.00123955,0.000441864,0.000371134,0.00039172,0.000425224,0.00046354,0.000498308,0.000475808,0.00045309,0.000610755,0.000594674,0.000683625,0.000715198,0.000450734,0.000565003,0.000352571,0.000468929,0.000644652,0.000687695,0.00038933,0.00107214,0.000489288,0.000725788,0.000818839,0.000391336,0.000513519,0.00036616,0.000427823,0.000631507,0.000497042,0.000564429,0.000448602,0.0004779,0.00037672,0.000579711,0.000379552,0.000497133,0.000277891,0.000904397,0.000390529,0.000881307,0.000442469,0.000330677,0.000510902,0.00049483,0.000495646,0.00040745,0.000407388,0.000675684,0.000316034,0.000445067,0.00061273,0.00039809,0.000480716,0.000364727,0.000429275,0.000341613,0.000505748,5.51856e-05,0.000519165,0.00064286,0.000382919,0.000576869,0.000470038,0.000686354,0.000550194,0.000377593,0.000546202,0.000359762,0.000459502,0.0005067,0.000393452,0.000474886,0.000507424,0.00043903,0.000371023,0.00249218,-1
0.000228136,0.000378586,0.000597393,0.000500351,0.000470161,0.000447235,0.000532752,0.000441864,0.00132636,0.000264605,0.000266105,0.00022654,0.000292337,0.000294384,0.000371369,0.000344173,0.000443508,0.0004021,0.000265141,0.00035676,0.000451716,0.000902207,0.000293316,0.000383905,0.000350275,0.000391517,0.000296756,0.000380065,0.000401013,0.000463325,0.000151599,0.000213976,0.000358932,0.000282055,0.000256717,0.000251977,0.000196294,0.000485436,0.000486285,0.000294009,0.000380586,0.000628761,0.000242764,0.000304185,0.000189947,0.000337291,0.0003113,0.000454944,0.000358328,0.000348086,0.000358839,0.000376545,0.000257301,0.000471999,0.000277792,0.000532592,0.000362001,0.000360488,0.000500054,0.00033624,0.000253219,0.000312004,0.000315413,0.000522079,0.000140637,0.000141381,0.000149547,0.000186906,0.000272966,0.000410744,0.000326464,0.000251429,0.000397703,0.000237519,0.000392462,0.000342244,0.000349442,0.000303074,0.000139127,0.00036103,0.000376697,0.000100274,0.000372794,-0.00384434,-1
0.000258765,0.000192998,0.000229295,0.000367733,0.000554566,0.000394334,0.000254878,0.000371134,0.000264605,0.000688873,0.00018759,0.000173124,0.000360985,0.000107396,0.000159166,0.000192154,0.000440613,0.000591267,0.00026576,0.000691133,0.000374371,0.000292409,0.000253933,0.000369415,0.000173435,0.000479956,0.000297863,0.000402596,0.000287121,0.000382695,0.000273971,0.000287078,0.0003397,0.000262033,0.000254306,0.000359009,0.000211034,0.000506615,0.000384405,0.000403363,0.000405068,0.00034288,0.00019348,0.000323636,0.000258265,0.000340568,0.000281516,0.000478501,0.000283567,0.000355939,0.000292981,0.000226504,0.000418346,0.000482816,0.000393244,0.000569535,0.000357912,0.000273501,0.000330717,0.000378377,0.00010693,0.000169477,0.000556377,0.000424299,0.000236698,-0.000123917,0.000516244,0.000280416,0.000284317,0.000363629,0.000240122,0.000189056,0.000232906,0.000156903,0.000631911,0.000302454,0.000430952,0.000470079,0.000454234,0.000249222,0.000413015,0.00022392,0.000440695,1.13169e-05,-1
0.000405916,0.000490825,0.000358323,0.000402565,0.000427959,0.000403572,0.000527621,0.00039172,0.000266105,0.00018759,0.000581909,0.000324152,0.00021962,0.000436482,0.0004522,0.000373899,0.000379653,0.000315207,0.000374376,0.000404716,0.000375643,0.000500704,0.000309812,0.000385217,0.000474171,0.000363502,0.000260549,0.000524587,0.000342306,0.000346513,0.000418178,0.00043652,0.000335851,0.000330408,0.000279204,0.000379155,0.000388537,0.000392685,0.000243665,0.000103329,0.000277205,0.00036594,0.000158268,0.000262391,0.000180453,0.000359924,0.000291482,0.000470753,0.000307822,0.00024761,0.000448087,0.000343106,0.000271833,0.000343445,0.000329355,0.000496782,0.0002934,0.000325856,0.00034775,0.00023301,0.000290261,0.000267368,0.000302955,0.000228684,0.000386865,6.58763e-05,0.000350824,0.000297945,0.000199482,0.000357181,0.000315928,0.00037758,0.000316975,0.000257895,0.000368798,0.000368122,0.000292713,0.000155298,0.000240035,0.000318443,0.000357259,0.000167212,0.000125462,-0.00312485,-1
0.000389323,0.00047341,0.00033857,0.000346856,0.000418235,0.000423193,0.000544546,0.000425224,0.00022654,0.000173124,0.000324152,0.000608324,0.000234707,0.000443913,0.000420212,0.000274888,0.000421447,0.000294086,0.000341419,0.000434707,0.000407504,0.000238878,0.00034186,0.000372349,0.000459741,0.000397415,0.000214817,0.000471235,0.000350245,0.00043874,0.000447822,0.000343641,0.00032572,0.00027251,0.000312955,0.000196195,0.000279648,0.000387284,0.000314484,0.000195129,0.000177446,0.000339563,0.000285878,0.000299795,0.000100648,0.000351437,0.000296852,0.000525469,0.000287117,0.000256337,0.000473851,0.000328402,0.000219464,0.000354332,0.000300248,0.000481375,0.00020308,0.000351148,0.000384818,0.00019855,0.000390814,0.000244342,0.000352029,0.000127934,0.000451817,-4.08959e-05,0.000367676,0.000256273,0.000249643,0.000317494,0.000323516,0.000263822,0.00013527,0.000236201,0.000296752,0.000285173,0.000204822,0.00019992,0.000270538,0.0003308,0.000345825,0.000129516,0.000318617,0.000969366,-1
0.000353624,0.000282445,0.000380266,0.000395323,0.000554722,0.000530683,0.000215396,0.00046354,0.000292337,0.000360985,0.00021962,0.000234707,0.00065937,0.000237543,0.000295402,0.000218077,0.000447087,0.000468968,0.000451323,0.000445285,0.000381319,0.000420712,0.000248682,0.0004334,0.00042052,0.000444818,0.000463066,0.000534522,0.000384082,0.000553776,0.000460628,0.000418199,0.000431057,0.000290457,0.000316211,0.000396195,0.000327159,0.000554372,0.000433288,0.000362534,0.000472285,0.000429515,0.000337303,0.000409234,0.000327282,0.00050646,0.000309238,0.000510513,0.000347639,0.000350431,0.000287746,0.000409765,0.00041129,0.000376221,0.000465744,0.000609068,0.000401995,0.000374294,0.000440999,0.000374631,0.000276511,0.000273142,0.000559024,0.000392367,0.000301711,-0.000123076,0.000570446,0.000467257,0.000406529,0.000480892,0.000359734,0.000339442,0.00028431,0.000245094,0.000546276,0.000393636,0.000528864,0.000501604,0.000451363,0.000371321,0.000457391,0.00037087,0.000349333,-0.00151055,-1
0.000398207,0.000607269,0.000367312,0.000459769,0.00038479,0.000473093,0.000620749,0.000498308,0.000294384,0.000107396,0.000436482,0.000443913,0.000237543,0.000670252,0.000491342,0.000356025,0.000402117,0.000299284,0.000423636,0.000289438,0.000375156,0.000437599,0.000336612,0.000388385,0.000609297,0.00040197,0.000336535,0.000582341,0.00034923,0.000455791,0.000385713,0.000464862,0.000326888,0.000276978,0.000294854,0.000344404,0.000340287,0.000363517,0.00028944,0.000140604,0.000233044,0.00036263,0.000226312,0.00028221,0.000176591,0.000463243,0.000345571,0.000563194,0.000346857,0.000260318,0.000437031,0.000465266,0.000230105,0.000274896,0.000302693,0.000518223,0.000258076,0.000369657,0.00040711,0.000268372,0.000419419,0.000299834,0.000271335,0.00013801,0.000473183,9.63987e-05,0.000328661,0.000313199,0.000232583,0.000412729,0.000368293,0.000322049,0.00033418,0.000255208,0.00030612,0.000311435,0.000262833,0.000159185,0.000229331,0.000357357,0.000327991,5.25632e-05,0.000185613,-0.00097084,-1
0.000377409,0.000650751,0.000444126,0.000422262,0.000416527,0.000437903,0.000598838,0.000475808,0.000371369,0.000159166,0.0004522,0.000420212,0.000295402,0.000491342,0.000760036,0.000410687,0.000423883,0.000338129,0.000400366,0.000273054,0.00050025,0.000520434,0.000377039,0.000402892,0.000569739,0.000384304,0.000281572,0.000540724,0.000398498,0.00042965,0.000373368,0.000484059,0.000368917,0.000331914,0.000307405,0.000408477,0.000356084,0.000422362,0.000356888,0.000177178,0.000230039,0.000410779,0.000267205,0.000352796,0.000214503,0.000442322,0.000332217,0.000582138,0.000336512,0.000148543,0.000437677,0.000414471,0.000316497,0.00034697,0.000243687,0.000603952,0.00031416,0.000431444,0.00039111,0.000235207,0.000404563,0.000394674,0.000295514,0.000310424,0.000371726,0.000109484,0.000220472,0.000315837,0.000312806,0.000366431,0.000374245,0.000425461,0.000194984,0.000345278,0.000384048,0.000399555,0.00026935,0.000285846,0.000171459,0.000322759,0.000445252,0.000154999,0.000206492,-0.00424349,-1
0.000353754,0.000457248,0.000337184,0.000450354,0.000462204,0.000459294,0.000415182,0.00045309,0.000344173,0.000192154,0.000373899,0.000274888,0.000218077,0.000356025,0.000410687,0.000556272,0.00043267,0.000263826,0.000346459,0.000330063,0.000416967,0.00041485,0.000358444,0.00038871,0.000428767,0.000375911,0.000311271,0.00053548,0.000377919,0.000389488,0.000357564,0.000380042,0.000338644,0.000317862,0.000374253,0.00032894,0.000435443,0.000427065,0.000276599,0.000274479,0.000316652,0.000370754,0.000141395,0.000324188,0.000206014,0.000429085,0.000327502,0.000474178,0.00036116,0.00034779,0.000360767,0.000323185,0.000295632,0.000292391,0.000355031,0.000457488,0.000283935,0.000374289,0.000429449,0.000331628,0.000296844,0.0003689,0.000313727,0.000344679,0.000277106,0.000106214,0.000363797,0.000381006,0.000266828,0.000343492,0.000338112,0.000280649,0.000274123,0.000339224,0.000395799,0.000310605,0.000307216,0.000288479,0.000228345,0.000350465,0.000349218,0.000107763,0.000211601,-0.00137968,-1
0.00049258,0.000505975,0.000467506,0.00061078,0.000681385,0.000679338,0.000540756,0.000610755,0.000443508,0.000440613,0.000379653,0.000421447,0.000447087,0.000402117,0.000423883,0.00043267,0.000882564,0.000563402,0.000518295,0.000614118,0.000527348,0.000531201,0.000469839,0.000572538,0.000474672,0.000764888,0.000420422,0.00067243,0.000501427,0.000668128,0.000457058,0.000491411,0.000676872,0.000423424,0.000415958,0.00043173,0.000479066,0.000672132,0.000549984,0.000468769,0.000572758,0.00045498,0.000354097,0.000440944,0.000312868,0.000578908,0.000436998,0.000791195,0.000492963,0.000527597,0.000590644,0.000518321,0.000477924,0.000610199,0.000574128,0.000807043,0.000545379,0.000462937,0.000531923,0.00039486,0.000333099,0.000354036,0.000630787,0.000382314,0.000386195,-4.08544e-05,0.000675389,0.000515047,0.000477526,0.000560633,0.000468113,0.000383045,0.000398241,0.000294899,0.000720118,0.000462863,0.000547494,0.000494028,0.000412109,0.000517928,0.000500875,0.000279519,0.000445124,-0.00145607,-1
0.00048144,0.0003557,0.000417774,0.000537733,0.000743575,0.000640205,0.000439031,0.000594674,0.0004021,0.000591267,0.000315207,0.000294086,0.000468968,0.000299284,0.000338129,0.000263826,0.000563402,0.00121907,0.000514176,0.000893018,0.000380759,0.000347158,0.000277953,0.00050223,0.000361793,0.00066662,0.000403494,0.000606768,0.000444071,0.000761636,0.000530394,0.000582211,0.000390762,0.000363393,0.000314919,0.000670294,0.000410686,0.000629972,0.000570755,0.000401159,0.000587267,0.000567386,0.000296072,0.000371873,0.000253761,0.000603762,0.00034275,0.000703974,0.000355413,0.000678262,0.000439976,0.000453442,0.000449382,0.00067502,0.00060322,0.000744488,0.000461907,0.000384916,0.000504701,0.000452051,0.000231362,0.000184873,0.000623819,0.000462529,0.00031375,-0.000429891,0.00057723,0.000465345,0.000448262,0.000593349,0.000325056,0.000558693,0.000508148,0.000216559,0.000683059,0.000568121,0.000641608,0.000536581,0.000506575,0.000368321,0.000531271,0.000412238,0.000538451,0.000139264,-1
0.0006131,0.000474778,0.000388094,0.000544171,0.000503861,0.00069527,0.000373534,0.000683625,0.000265141,0.00026576,0.000374376,0.000341419,0.000451323,0.000423636,0.000400366,0.000346459,0.000518295,0.000514176,0.00152161,0.00061922,0.000248174,0.000284804,0.000351424,0.00041791,0.000674711,0.000515147,0.000320329,0.00136518,0.000477015,0.000596926,0.000631307,0.000551328,0.000574795,0.000248463,0.000369412,0.00041779,0.000453706,0.000460028,0.000342354,0.000325059,0.000366887,0.000449955,0.000350801,0.000401159,0.000257837,0.00150906,0.000327817,0.000770798,0.000377472,0.000356321,0.000522634,0.00059176,0.000546071,0.000279571,0.000607719,0.000653033,0.000374661,0.000387526,0.000520821,0.000392551,0.000449281,0.000281686,0.000650115,0.000395246,0.0002344,0.000252298,0.000636346,0.00110625,0.000252502,0.000599924,0.000409391,0.000559264,0.000351021,0.000196813,0.00053196,0.000427796,0.000512763,0.000457509,0.000472296,0.000444598,0.000435526,0.000393567,0.000308542,0.0027804,-1
0.000522126,0.00034305,0.000298989,0.000614424,0.000741169,0.000633924,0.000423743,0.000715198,0.00035676,0.000691133,0.000404716,0.000434707,0.000445285,0.000289438,0.000273054,0.000330063,0.000614118,0.000893018,0.00061922,0.00154028,0.000337789,0.000403521,0.000409102,0.000558056,0.000277847,0.000707247,0.000330493,0.000694739,0.000442089,0.00056515,0.000477703,0.000422271,0.000511454,0.000430484,0.000378601,0.000443603,0.000419047,0.000701395,0.000497857,0.000561072,0.000501986,0.000505961,0.000293167,0.000376499,0.000215173,0.00071701,0.000327212,0.0007018,0.000360671,0.00061803,0.00059611,0.000389392,0.000486484,0.000590231,0.00057454,0.000777178,0.000327548,0.000426639,0.000546464,0.000449514,0.000233007,0.000231894,0.000738238,0.000575989,0.000431866,-0.000215333,0.000823019,0.000605378,0.000459005,0.000596395,0.000361789,0.000456452,0.000369816,0.000210277,0.000671991,0.000450708,0.000595311,0.000688578,0.00068614,0.00042464,0.000648622,0.000417697,0.000482931,0.000234445,-1
0.000372526,0.000530223,0.000444581,0.000511578,0.000621534,0.000485437,0.000499254,0.000450734,0.000451716,0.000374371,0.000375643,0.000407504,0.000381319,0.000375156,0.00050025,0.000416967,0.000527348,0.000380759,0.000248174,0.000337789,0.00118008,0.000436828,0.000450928,0.000426246,0.000493319,0.000525685,0.000333233,0.000458418,0.000456015,0.00055797,0.000299037,0.00040349,0.000455014,0.000394787,0.000365082,0.000335969,0.000297272,0.000566647,0.000512265,0.000296443,0.000335152,0.000456296,0.00019206,0.000655714,0.000319335,0.000314479,0.000461241,0.000618842,0.000467346,0.000333641,0.000394571,0.000300849,0.000491366,0.000539534,0.000516782,0.000632547,0.000551595,0.000541986,0.000484786,0.000410757,0.000429264,0.000408044,0.000505097,0.000401688,0.000470794,5.39977e-05,0.000481498,0.0002901,0.000249532,0.00046149,0.000407873,0.000394798,0.00030453,0.000317152,0.000565763,0.000398776,0.000407902,0.000302384,0.000330991,0.00039713,0.000519686,0.000143572,0.000455727,-0.00485271,-1
0.000398342,0.000445945,0.000619956,0.000670105,0.000397075,0.000631126,0.000566923,0.000565003,0.000902207,0.000292409,0.000500704,0.000238878,0.000420712,0.000437599,0.000520434,0.00041485,0.000531201,0.000347158,0.000284804,0.000403521,0.000436828,0.00261339,0.000322717,0.00051389,0.000467015,0.000492167,0.000544325,0.000525805,0.000493016,0.000426165,0.000345034,0.000168764,0.000425367,0.000409893,0.000253158,0.000859952,0.000175335,0.000515889,0.000429631,0.000137569,0.000423709,0.000625257,0.0002072,0.000183377,0.000253516,0.000376404,0.000304792,0.000568397,0.000388621,9.9176e-05,0.000538502,0.000660209,0.000310821,0.000478077,0.000446676,0.000592888,0.000376997,0.000253041,0.000384209,0.000290893,9.12538e-05,0.000269662,0.000352655,0.000527488,0.000231675,0.000326444,0.000384861,0.000345909,0.000232616,0.000337625,0.000381908,0.000332857,0.000517244,0.000254445,0.000480929,0.000340155,0.000451857,0.000142032,0.000203357,0.000417982,0.000333259,0.000182577,0.000497212,-0.00781409,-1
0.000288076,0.000378769,0.000340289,0.000446935,0.000501476,0.000396543,0.000424202,0.000352571,0.000293316,0.000253933,0.000309812,0.00034186,0.000248682,0.000336612,0.000377039,0.000358444,0.000469839,0.000277953,0.000351424,0.000409102,0.000450928,0.000322717,0.000559893,0.000424078,0.000405601,0.000446784,0.000276066,0.000430322,0.000358596,0.000372834,0.000237098,0.000486155,0.000427433,0.000303669,0.000303713,0.000140394,0.000374763,0.000470403,0.000363156,0.000286231,0.000294227,0.000308953,0.000251403,0.000305768,0.000144351,0.000329455,0.000323352,0.000547804,0.000347414,0.000436815,0.000449425,0.000295033,0.000312171,0.000376171,0.000362075,0.0005493,0.00037705,0.000377082,0.00044229,0.000318462,0.000250449,0.000273716,0.00041885,0.000309479,0.000290454,-4.84072e-05,0.000407321,0.000346114,0.000271685,0.000364957,0.000295911,0.000142662,8.64461e-05,0.000214781,0.000514502,0.0002741,0.000293625,0.000308281,0.000289474,0.000331556,0.000430803,0.000137548,0.000274748,-0.0016437,-1
0.000377416,0.000455115,0.000447524,0.000513849,0.000727887,0.000529265,0.000564155,0.000468929,0.000383905,0.000369415,0.000385217,0.000372349,0.0004334,0.000388385,0.000402892,0.00038871,0.000572538,0.00050223,0.00041791,0.000558056,0.000426246,0.00051389,0.000424078,0.000825185,0.000335374,0.00058362,0.000396533,0.000517577,0.000501162,0.000589704,0.000428289,0.000589674,0.000510996,0.000446634,0.000345372,0.000435691,0.000353893,0.000661333,0.000491984,0.000339359,0.000634947,0.000485652,0.000366619,0.000400594,0.000287216,0.000459602,0.000371802,0.000669323,0.000409835,0.000502254,0.000537378,0.000521039,0.00038781,0.000648009,0.000528316,0.000761153,0.000501072,0.000455589,0.000611631,0.000431084,0.000227165,0.000291132,0.000572081,0.000468444,0.00029274,-7.53192e-05,0.000627035,0.000472056,0.00049129,0.000637532,0.000413275,0.000379604,0.000310486,0.000293302,0.00059488,0.000604471,0.000605855,0.000602091,0.000472397,0.000412905,0.000507514,0.000339833,0.000437008,-0.000852641,-1
0.000394687,0.000629724,0.00054112,0.000412162,0.000499518,0.000642054,0.000643432,0.000644652,0.000350275,0.000173435,0.000474171,0.000459741,0.00042052,0.000609297,0.000569739,0.000428767,0.000474672,0.000361793,0.000674711,0.000277847,0.000493319,0.000467015,0.000405601,0.000335374,0.00180293,0.000564687,0.000342996,0.000946933,0.000442791,0.000518328,0.000533267,0.000436913,0.000530592,0.000294111,0.00018782,0.000465957,0.000439629,0.00043769,0.000404188,0.000216835,0.000329987,0.000505679,0.000256933,0.000604269,0.000202633,0.000758303,0.000407074,0.00071181,0.000467163,0.000193911,0.000562248,0.000524453,0.000337763,0.000254765,0.000243553,0.00060528,0.000291396,0.000469448,0.000545943,0.000461229,0.00102068,0.000418271,0.000186976,3.69909e-05,0.000958444,0.000396497,0.000207309,0.00056315,0.000161714,0.000479166,0.0004764,0.000576841,0.00019976,0.000362328,0.000534929,0.000365544,0.000246048,5.90317e-05,9.23839e-05,0.000474061,0.000381052,0.000321049,7.16197e-05,0.00653618,-1
0.000481357,0.000519105,0.000454101,0.000614421,0.000762939,0.000694494,0.000546706,0.000687695,0.000391517,0.000479956,0.000363502,0.000397415,0.000444818,0.00040197,0.000384304,0.000375911,0.000764888,0.00066662,0.000515147,0.000707247,0.000525685,0.000492167,0.000446784,0.00058362,0.000564687,0.0011671,0.000384202,0.000702725,0.000500962,0.000650113,0.000549916,0.000493525,0.000688049,0.000440407,0.000317178,0.000472727,0.000555821,0.000661098,0.00055877,0.000484996,0.000620436,0.000440652,0.00038678,0.000438405,0.000252583,0.000623191,0.000472899,0.000823469,0.000480592,0.000505677,0.000621811,0.00050154,0.000527353,0.000647965,0.000573748,0.000809184,0.000519702,0.000521053,0.000554796,0.000435019,0.000419502,0.000306979,0.000673705,0.000362033,0.000432175,-0.00013942,0.000650459,0.000511335,0.000460738,0.000573202,0.000452354,0.000539979,0.000542774,0.00026018,0.000752173,0.000527166,0.000566675,0.000564169,0.000429988,0.000505371,0.000545099,0.000315367,0.000589786,-0.000916144,-1
0.000316689,0.000314994,0.000348835,0.000419533,0.00049226,0.000499814,0.000339996,0.00038933,0.000296756,0.000297863,0.000260549,0.000214817,0.000463066,0.000336535,0.000281572,0.000311271,0.000420422,0.000403494,0.000320329,0.000330493,0.000333233,0.000544325,0.000276066,0.000396533,0.000342996,0.000384202,0.000779231,0.000427151,0.000377011,0.000452232,0.000341447,0.000466444,0.000294964,0.000274959,0.000351098,0.000344554,0.000354967,0.000532683,0.000333158,0.000237839,0.000472297,0.000391559,0.000193261,0.000243492,0.000217382,0.000436432,0.000279738,0.000461677,0.000311491,0.000352535,0.000241372,0.000335978,0.000400149,0.000285034,0.00046849,0.000540827,0.000360867,0.000315788,0.000318673,0.000275031,0.000166169,0.000280897,0.000458757,0.000318998,0.000283916,-3.32823e-05,0.0004803,0.000392379,0.000315978,0.000353219,0.000291504,0.000329126,0.00042479,0.000292807,0.00053908,0.000289361,0.00050977,0.000266525,0.000341182,0.000322183,0.000364386,0.000271662,0.00024397,-0.00123178,-1
0.000729599,0.000706468,0.00054289,0.000610614,0.00061549,0.00104612,0.000763465,0.00107214,0.000380065,0.000402596,0.000524587,0.000471235,0.000534522,0.000582341,0.000540724,0.00053548,0.00067243,0.000606768,0.00136518,0.000694739,0.000458418,0.000525805,0.000430322,0.000517577,0.000946933,0.000702725,0.000427151,0.00197401,0.000488441,0.00089929,0.000997275,0.000564333,0.000609448,0.000348152,0.000548648,0.00063575,0.000691929,0.000515175,0.000404391,0.000525417,0.000413833,0.000556809,0.000338986,0.000620337,0.000344247,0.0016914,0.000467564,0.00102009,0.000537533,0.0003743,0.000590782,0.000592481,0.000643822,0.000369461,0.000571269,0.00076322,0.00044681,0.000502187,0.000593679,0.000449764,0.000708697,0.000477202,0.000568416,0.000380313,0.000490994,0.000487872,0.000635036,0.00123345,0.000295721,0.000584153,0.00057713,0.00066099,0.000352254,0.000370999,0.000673715,0.000442662,0.000516521,0.000524824,0.000491201,0.000614813,0.000512141,0.000463917,0.000515559,0.00385345,-1
0.000436025,0.000475066,0.000488362,0.000460448,0.000607504,0.000534134,0.000400799,0.000489288,0.000401013,0.000287121,0.000342306,0.000350245,0.000384082,0.00034923,0.000398498,0.000377919,0.000501427,0.000444071,0.000477015,0.000442089,0.000456015,0.000493016,0.000358596,0.000501162,0.000442791,0.000500962,0.000377011,0.000488441,0.00075897,0.000493224,0.000385585,0.00045335,0.000439113,0.000387486,0.00032963,0.000583783,0.000336633,0.000593767,0.000463236,0.000285101,0.000516609,0.000497836,0.000304805,0.00040817,0.000270339,0.000518051,0.000369184,0.000604952,0.000391739,0.000376037,0.000572956,0.000463061,0.000383023,0.000427194,0.0004789,0.00063541,0.00038238,0.000396197,0.00055251,0.000376757,0.000347002,0.000284684,0.000492167,0.000338688,0.000413104,-9.28295e-05,0.000485463,0.000399576,0.000408304,0.000529448,0.000416538,0.000445569,0.000436908,0.00027726,0.000605243,0.000513659,0.00043704,0.000350359,0.000300989,0.000429102,0.000430641,0.000345226,0.000347625,-2.3147e-05,-1
0.000555529,0.000543228,0.000528512,0.000563654,0.000713807,0.00076467,0.000571695,0.000725788,0.000463325,0.000382695,0.000346513,0.00043874,0.000553776,0.000455791,0.00042965,0.000389488,0.000668128,0.000761636,0.000596926,0.00056515,0.00055797,0.000426165,0.000372834,0.000589704,0.000518328,0.000650113,0.000452232,0.00089929,0.000493224,0.00134817,0.000614392,0.00056762,0.00051713,0.000405214,0.000457545,0.000526369,0.000522128,0.000670141,0.000638093,0.000575287,0.000478835,0.000608343,0.000520649,0.000573808,0.000375021,0.000738828,0.000440274,0.00091255,0.000510716,0.000769328,0.000441646,0.000591574,0.000493164,0.000688029,0.000666811,0.000835399,0.000576596,0.000553579,0.00067234,0.000395105,0.0003495,0.000386109,0.000779432,0.00049066,0.000315968,-0.000107475,0.000713789,0.000653546,0.000503811,0.000749493,0.000516941,0.000498102,0.000619485,0.000380397,0.000748653,0.000466806,0.000578053,0.00065095,0.000591478,0.000576019,0.000592275,0.000362819,0.000610839,-0.00258841,-1
0.000687516,0.00048144,0.000461827,0.000251484,0.000614908,0.000754315,0.000425396,0.000818839,0.000151599,0.000273971,0.000418178,0.000447822,0.000460628,0.000385713,0.000373368,0.000357564,0.000457058,0.000530394,0.000631307,0.000477703,0.000299037,0.000345034,0.000237098,0.000428289,0.000533267,0.000549916,0.000341447,0.000997275,0.000385585,0.000614392,0.00184387,0.00041096,0.000330343,0.000298636,0.000415041,0.000441,0.000654789,0.000321691,0.0003412,0.000378427,0.000383201,0.000242722,0.000367518,0.000415659,6.27513e-05,0.000769224,0.000311178,0.000621664,0.000314905,0.000136064,0.000456085,0.000408011,0.000519485,0.000305638,0.000334018,0.000515721,0.000275757,0.000337362,0.000460676,0.000307537,0.000513808,0.000344855,0.000376875,9.62227e-05,0.000520635,7.00634e-05,0.00043129,0.000694508,0.00020345,0.000335986,0.00034942,0.000483415,0.000376624,0.00037481,0.000360801,0.000340153,0.000408886,0.000294356,0.000262559,0.000332057,0.000415255,0.000555356,0.00010663,0.00676324,-1
0.000399122,0.000542429,0.000330507,0.000614849,0.00071471,0.000503147,0.000366823,0.000391336,0.000213976,0.000287078,0.00043652,0.000343641,0.000418199,0.000464862,0.000484059,0.000380042,0.000491411,0.000582211,0.000551328,0.000422271,0.00040349,0.000168764,0.000486155,0.000589674,0.000436913,0.000493525,0.000466444,0.000564333,0.00045335,0.00056762,0.00041096,0.00149512,0.000452296,0.000348062,0.000396207,0.000502215,0.000469071,0.000712178,0.000496951,0.000369301,0.000589541,0.000487791,0.000422093,0.000289932,0.000317885,0.000458475,0.000324794,0.000565164,0.000333142,0.00064349,0.000460434,0.000438339,0.000494822,0.000622071,0.000633248,0.000795482,0.0005803,0.000590993,0.000574637,0.00056347,0.000320903,0.000315286,0.000716589,0.000454907,0.000458267,-0.000353513,0.0006856,0.000582957,0.000580656,0.000627274,0.000272398,0.000510912,0.000257894,0.00022303,0.000733214,0.000585796,0.000695104,0.000683799,0.000582231,0.000252244,0.000647099,0.000283359,0.000528882,0.00013524,-1
0.000372651,0.000428383,0.000427232,0.000500108,0.000582044,0.000499686,0.000411931,0.000513519,0.000358932,0.0003397,0.000335851,0.00032572,0.000431057,0.000326888,0.000368917,0.000338644,0.000676872,0.000390762,0.000574795,0.000511454,0.000455014,0.000425367,0.000427433,0.000510996,0.000530592,0.000688049,0.000294964,0.000609448,0.000439113,0.00051713,0.000330343,0.000452296,0.000925269,0.000347633,0.00030019,0.000200229,0.000388432,0.000536392,0.000486987,0.000427476,0.000561714,0.000423482,0.000405441,0.00050787,0.000292701,0.000537109,0.000432687,0.000734774,0.000473488,0.000500267,0.000516788,0.000520634,0.000428479,0.000540247,0.000538116,0.000714466,0.000507708,0.000422054,0.000448729,0.000320601,0.000359579,0.000263325,0.000624388,0.000398099,0.000384518,7.05641e-05,0.000607584,0.000536498,0.000444717,0.000528045,0.000472379,0.000371933,0.00035664,0.000201536,0.000635888,0.000468834,0.000498622,0.000443202,0.00043007,0.000483535,0.000362693,0.00028471,0.00040489,-0.00226815,-1
0.000315324,0.000384753,0.000330817,0.000387522,0.000524769,0.000406648,0.000417161,0.00036616,0.000282055,0.000262033,0.000330408,0.00027251,0.000290457,0.000276978,0.000331914,0.000317862,0.000423424,0.000363393,0.000248463,0.000430484,0.000394787,0.000409893,0.000303669,0.000446634,0.000294111,0.000440407,0.000274959,0.000348152,0.000387486,0.000405214,0.000298636,0.000348062,0.000347633,0.000490777,0.000245441,0.000398092,0.000280285,0.000472366,0.000349049,0.000231189,0.000409319,0.000382356,0.000151114,0.000310664,0.000205917,0.000300392,0.000268748,0.000457745,0.000288887,0.000362423,0.00044907,0.00031856,0.000287405,0.000436256,0.000309322,0.000539578,0.000318035,0.000361407,0.000410308,0.000202173,0.000162686,0.000240667,0.000353298,0.000263223,0.000251511,-7.37046e-05,0.000396751,0.000289429,0.000310721,0.000435329,0.000298769,0.000286782,0.000347029,0.000238905,0.000426635,0.000382177,0.00035861,0.00038947,0.000249419,0.000312274,0.000330334,0.000242743,0.000308442,-0.00236004,-1
0.000337618,0.000360226,0.000307111,0.000330958,0.000509404,0.000455619,0.000364553,0.000427823,0.000256717,0.000254306,0.000279204,0.000312955,0.000316211,0.000294854,0.000307405,0.000374253,0.000415958,0.000314919,0.000369412,0.000378601,0.000365082,0.000253158,0.000303713,0.000345372,0.00018782,0.000317178,0.000351098,0.000548648,0.00032963,0.000457545,0.000415041,0.000396207,0.00030019,0.000245441,0.000712408,0.000269615,0.000601484,0.000376301,0.000265353,0.000336957,0.000224245,0.000312968,0.000307118,0.000324385,0.000142248,0.000412349,0.000312124,0.000434842,0.000323341,0.000343624,0.000313575,0.000263026,0.000329104,0.000279422,0.00044364,0.000482069,0.000255511,0.000351244,0.00032597,0.000393207,0.000177773,0.000350041,0.000450721,0.000270391,0.000182083,-5.27518e-05,0.000525114,0.000364094,0.000252706,0.000288437,0.000330343,0.000234881,0.00018612,0.000300177,0.000431959,0.000277116,0.000336364,0.000438364,0.000436103,0.000300645,0.000406729,0.000184824,0.000267271,-0.000313309,-1
0.000501841,0.000501864,0.000346566,0.000443729,0.000470822,0.000608916,0.000337416,0.000631507,0.000251977,0.000359009,0.000379155,0.000196195,0.000396195,0.000344404,0.000408477,0.00032894,0.00043173,0.000670294,0.00041779,0.000443603,0.000335969,0.000859952,0.000140394,0.000435691,0.000465957,0.000472727,0.000344554,0.00063575,0.000583783,0.000526369,0.000441,0.000502215,0.000200229,0.000398092,0.000269615,0.0018799,0.000296202,0.000520278,0.000436424,9.81867e-05,0.000526248,0.00045744,0.000118975,0.00028712,0.000357507,0.000655384,0.000203745,0.000550506,0.00030711,0.000267463,0.000570184,0.000492942,0.000304597,0.000425356,0.000375099,0.000646034,0.000281938,0.000280788,0.000514716,0.000427829,0.000356792,0.000253007,0.000274741,0.000357856,0.000478271,-0.000139917,0.000411131,0.000455685,0.000352278,0.000588715,0.000263344,0.000763353,0.000596992,0.000236799,0.000560243,0.000567855,0.0004863,0.000547896,0.000210134,0.000240816,0.000345357,0.000393789,0.000328342,0.00337676,-1
0.000488208,0.000426675,0.000327955,0.000389439,0.000609913,0.000527845,0.000423279,0.000497042,0.000196294,0.000211034,0.000388537,0.000279648,0.000327159,0.000340287,0.000356084,0.000435443,0.000479066,0.000410686,0.000453706,0.000419047,0.000297272,0.000175335,0.000374763,0.000353893,0.000439629,0.000555821,0.000354967,0.000691929,0.000336633,0.000522128,0.000654789,0.000469071,0.000388432,0.000280285,0.000601484,0.000296202,0.00112524,0.00039643,0.000291258,0.000452956,0.000389123,0.00035366,0.000278141,0.000322544,0.00010415,0.000449051,0.000372603,0.000560124,0.000391242,0.000326207,0.000326611,0.000243082,0.000442805,0.000351885,0.000402686,0.000562861,0.000312009,0.00040143,0.000335203,0.00046422,0.000322393,0.000390298,0.000434398,0.000286158,0.000213131,-5.51848e-05,0.000512855,0.000401299,0.000298817,0.000331396,0.000394807,0.000369999,0.000200991,0.000346582,0.000521028,0.000356631,0.000374656,0.000355054,0.000421709,0.000406652,0.000393721,0.00026248,0.000176682,0.00415959,-1
0.000390582,0.000476957,0.00049413,0.000611567,0.000866772,0.000582154,0.000407724,0.000564429,0.000485436,0.000506615,0.000392685,0.000387284,0.000554372,0.000363517,0.000422362,0.000427065,0.000672132,0.000629972,0.000460028,0.000701395,0.000566647,0.000515889,0.000470403,0.000661333,0.00043769,0.000661098,0.000532683,0.000515175,0.000593767,0.000670141,0.000321691,0.000712178,0.000536392,0.000472366,0.000376301,0.000520278,0.00039643,0.00105826,0.00059701,0.000468507,0.000666308,0.000633081,0.000320036,0.00046868,0.000388868,0.000500604,0.000480656,0.000772721,0.000538421,0.000750296,0.000476493,0.000487102,0.000525443,0.000695444,0.000688018,0.000926414,0.000675771,0.000535556,0.000676939,0.000538959,0.000253254,0.000397089,0.000851639,0.000581008,0.000399611,-0.000237906,0.00080763,0.000443058,0.000623602,0.000689324,0.000504176,0.000430368,0.000460541,0.000345766,0.000884498,0.000608766,0.000716016,0.0006963,0.000609055,0.00052644,0.000731117,0.000324817,0.000493641,-0.00530442,-1
0.000319799,0.000401971,0.00045603,0.000489884,0.000633018,0.000478585,0.000440742,0.000448602,0.000486285,0.000384405,0.000243665,0.000314484,0.000433288,0.00028944,0.000356888,0.000276599,0.000549984,0.000570755,0.000342354,0.000497857,0.000512265,0.000429631,0.000363156,0.000491984,0.000404188,0.00055877,0.000333158,0.000404391,0.000463236,0.000638093,0.0003412,0.000496951,0.000486987,0.000349049,0.000265353,0.000436424,0.000291258,0.00059701,0.000693316,0.000360589,0.000497701,0.000411322,0.000419763,0.000401516,0.000271304,0.000351071,0.000321685,0.000646333,0.00035656,0.000455026,0.000463054,0.000426174,0.000363836,0.000575152,0.000497735,0.000714474,0.000464393,0.000432973,0.000533053,0.00039726,0.000276299,0.000240552,0.000612897,0.00040885,0.000400106,-0.000202154,0.000544737,0.000375105,0.000477135,0.000525521,0.000338603,0.000357209,0.00031558,0.000199984,0.000653697,0.000479496,0.000530716,0.000532011,0.000365856,0.000375648,0.000478908,0.000289278,0.000515509,-0.00280867,-1
0.00026464,0.000214827,0.000248342,0.000454984,0.000551018,0.00056185,0.000162553,0.0004779,0.000294009,0.000403363,0.000103329,0.000195129,0.000362534,0.000140604,0.000177178,0.000274479,0.000468769,0.000401159,0.000325059,0.000561072,0.000296443,0.000137569,0.000286231,0.000339359,0.000216835,0.000484996,0.000237839,0.000525417,0.000285101,0.000575287,0.000378427,0.000369301,0.000427476,0.000231189,0.000336957,9.81867e-05,0.000452956,0.000468507,0.000360589,0.000910586,0.000376775,0.000354562,0.000286186,0.000360965,0.000212786,0.000372335,0.000324425,0.000480997,0.000341368,0.0003542,0.000153751,0.000257203,0.000393071,0.000392113,0.000347863,0.000483024,0.000296514,0.000378514,0.000452902,0.000403194,0.000173792,0.000306641,0.000507088,0.000453227,0.000204506,-7.55582e-05,0.000525299,0.000390287,0.000514906,0.000363073,0.000301482,0.000219953,0.000187859,0.000281074,0.000607525,0.000212241,0.000390057,0.000481817,0.000433983,0.000349357,0.000351492,0.000254744,0.000337354,0.0014206,-1
0.000337314,0.00031774,0.000431009,0.000491781,0.000668768,0.000469483,0.000440126,0.00037672,0.000380586,0.000405068,0.000277205,0.000177446,0.000472285,0.000233044,0.000230039,0.000316652,0.000572758,0.000587267,0.000366887,0.000501986,0.000335152,0.000423709,0.000294227,0.000634947,0.000329987,0.000620436,0.000472297,0.000413833,0.000516609,0.000478835,0.000383201,0.000589541,0.000561714,0.000409319,0.000224245,0.000526248,0.000389123,0.000666308,0.000497701,0.000376775,0.00120818,0.00042904,0.000256158,0.000472968,0.000361609,0.000438337,0.000359449,0.000572113,0.000438921,0.000679447,0.000445369,0.000463223,0.000434406,0.000614804,0.000572478,0.000733178,0.000563022,0.000378292,0.000544456,0.000375135,0.000220698,0.000279406,0.000633326,0.000592953,0.000258509,-0.000149053,0.000690099,0.0004564,0.000546736,0.000642669,0.000407164,0.000445205,0.000349252,0.000299313,0.000661654,0.000665425,0.000670671,0.000597954,0.000499227,0.000353972,0.00042283,0.000356282,0.000653666,-0.00307722,-1
0.00041368,0.000420566,0.000529849,0.000525925,0.00065172,0.000638177,0.000481972,0.000579711,0.000628761,0.00034288,0.00036594,0.000339563,0.000429515,0.00036263,0.000410779,0.000370754,0.00045498,0.000567386,0.000449955,0.000505961,0.000456296,0.000625257,0.000308953,0.000485652,0.000505679,0.000440652,0.000391559,0.000556809,0.000497836,0.000608343,0.000242722,0.000487791,0.000423482,0.000382356,0.000312968,0.00045744,0.00035366,0.000633081,0.000411322,0.000354562,0.00042904,0.00102601,0.000271141,0.000350655,0.000302778,0.00045287,0.000408993,0.000577906,0.000429443,0.000424167,0.000377625,0.000413297,0.000377597,0.00059062,0.000486028,0.000627165,0.000398621,0.000399075,0.00051125,0.000443379,0.000265542,0.000352603,0.000486447,0.000520613,0.000290225,-3.9175e-05,0.000439685,0.000396619,0.000459192,0.000494361,0.000435435,0.000495095,0.000435699,0.000306856,0.000571225,0.000461624,0.000470406,0.000465565,0.000387862,0.00046248,0.000538103,0.000194366,0.000517646,-0.00430207,-1
0.000235156,0.000219564,0.000427083,0.0003267,0.0004455,0.000344432,0.000283488,0.000379552,0.000242764,0.00019348,0.000158268,0.000285878,0.000337303,0.000226312,0.000267205,0.000141395,0.000354097,0.000296072,0.000350801,0.000293167,0.00019206,0.0002072,0.000251403,0.000366619,0.000256933,0.00038678,0.000193261,0.000338986,0.000304805,0.000520649,0.000367518,0.000422093,0.000405441,0.000151114,0.000307118,0.000118975,0.000278141,0.000320036,0.000419763,0.000286186,0.000256158,0.000271141,0.000912955,0.000255422,0.000230789,0.000288236,0.000178528,0.000442394,0.000218895,0.000470634,0.000297155,0.000297312,0.000218443,0.00046964,0.000380424,0.000509671,0.000300965,0.000369434,0.000378352,0.000343754,9.75741e-05,0.000122983,0.000550465,0.000206681,0.000228978,-0.000177852,0.000530389,0.000285741,0.000412392,0.000363495,0.000276687,0.000271888,0.000281392,8.31289e-05,0.000360793,0.000349045,0.000378812,0.000459123,0.000367165,0.00021077,0.000396803,0.000213958,0.000274615,0.000365822,-1
0.000364644,0.000377916,0.000387424,0.000448365,0.000593835,0.000520774,0.000415369,0.000497133,0.000304185,0.000323636,0.000262391,0.000299795,0.000409234,0.00028221,0.000352796,0.000324188,0.000440944,0.000371873,0.000401159,0.000376499,0.000655714,0.000183377,0.000305768,0.000400594,0.000604269,0.000438405,0.000243492,0.000620337,0.00040817,0.000573808,0.000415659,0.000289932,0.00050787,0.000310664,0.000324385,0.00028712,0.000322544,0.00046868,0.000401516,0.000360965,0.000472968,0.000350655,0.000255422,0.00112845,0.000296497,0.000519976,0.000399376,0.000638992,0.000444729,0.000433067,0.000366426,0.000284796,0.000422029,0.000391547,0.000539152,0.000675601,0.000404167,0.000421251,0.000605986,0.000300471,0.000421043,0.00035969,0.000649647,0.000452961,0.000507301,0.000204596,0.000597207,0.000487439,0.000345554,0.000584419,0.000405259,0.000361489,0.000170988,0.000271558,0.000557248,0.000470648,0.000426556,0.000433534,0.00048338,0.000401653,0.000463891,0.000270633,0.000377684,-0.000660012,-1
0.000247744,0.000278564,0.000267219,0.000352154,0.00032969,0.000361751,0.000193884,0.000277891,0.000189947,0.000258265,0.000180453,0.000100648,0.000327282,0.000176591,0.000214503,0.000206014,0.000312868,0.000253761,0.000257837,0.000215173,0.000319335,0.000253516,0.000144351,0.000287216,0.000202633,0.000252583,0.000217382,0.000344247,0.000270339,0.000375021,6.27513e-05,0.000317885,0.000292701,0.000205917,0.000142248,0.000357507,0.00010415,0.000388868,0.000271304,0.000212786,0.000361609,0.000302778,0.000230789,0.000296497,0.00065233,0.000299468,0.000236307,0.000410487,0.000224629,0.000244459,0.000162442,0.000272555,0.000278196,0.000339124,0.000436826,0.000416457,0.000329958,0.000280312,0.000356513,0.000226843,0.000122471,0.000126865,0.000498402,0.00036834,0.000143625,-1.35327e-05,0.000490768,0.000192595,0.00039904,0.000459322,0.000257106,0.000277214,0.000327414,0.000110705,0.000392384,0.00034576,0.000428426,0.000386146,0.000408458,0.00022799,0.000321354,8.47407e-05,0.000239429,-0.00414512,-1
0.000682982,0.00057434,0.000428807,0.00053286,0.000530724,0.000877547,0.000496769,0.000904397,0.000337291,0.000340568,0.000359924,0.000351437,0.00050646,0.000463243,0.000442322,0.000429085,0.000578908,0.000603762,0.00150906,0.00071701,0.000314479,0.000376404,0.000329455,0.000459602,0.000758303,0.000623191,0.000436432,0.0016914,0.000518051,0.000738828,0.000769224,0.000458475,0.000537109,0.000300392,0.000412349,0.000655384,0.000449051,0.000500604,0.000351071,0.000372335,0.000438337,0.00045287,0.000288236,0.000519976,0.000299468,0.00205699,0.000318325,0.00089983,0.000400606,0.000396833,0.000536397,0.000616852,0.000551459,0.000213925,0.000554743,0.00071052,0.000394625,0.000388091,0.000578725,0.000314751,0.00060388,0.000430985,0.000598749,0.000405033,0.000330945,0.000406122,0.000599786,0.00134404,0.000265441,0.000631273,0.000437234,0.000597177,0.000422344,0.000274667,0.000565339,0.000396402,0.000562095,0.000594256,0.000432937,0.000496972,0.000421742,0.000445304,0.000390134,0.00687802,-1
0.000317331,0.000397708,0.000357654,0.000467864,0.000501816,0.000394434,0.000368604,0.000390529,0.0003113,0.000281516,0.000291482,0.000296852,0.000309238,0.000345571,0.000332217,0.000327502,0.000436998,0.00034275,0.000327817,0.000327212,0.000461241,0.000304792,0.000323352,0.000371802,0.000407074,0.000472899,0.000279738,0.000467564,0.000369184,0.000440274,0.000311178,0.000324794,0.000432687,0.000268748,0.000312124,0.000203745,0.000372603,0.000480656,0.000321685,0.000324425,0.000359449,0.000408993,0.000178528,0.000399376,0.000236307,0.000318325,0.000607372,0.000550547,0.000554813,0.000326625,0.00033441,0.000350327,0.000308823,0.000413762,0.000494019,0.000497084,0.000425298,0.000361369,0.000404943,0.00040153,0.00031112,0.00035285,0.000501037,0.000318032,0.00028536,0.000148623,0.000469689,0.000279988,0.000249232,0.000379304,0.000547594,0.000286466,0.000261411,0.000279536,0.00052766,0.000354777,0.000343435,0.000269951,0.000372231,0.000490905,0.000401268,7.7255e-05,0.000329174,-0.00264931,-1
0.000647549,0.000698951,0.000635844,0.000693904,0.000756139,0.000868531,0.000778455,0.000881307,0.000454944,0.000478501,0.000470753,0.000525469,0.000510513,0.000563194,0.000582138,0.000474178,0.000791195,0.000703974,0.000770798,0.0007018,0.000618842,0.000568397,0.000547804,0.000669323,0.00071181,0.000823469,0.000461677,0.00102009,0.000604952,0.00091255,0.000621664,0.000565164,0.000734774,0.000457745,0.000434842,0.000550506,0.000560124,0.000772721,0.000646333,0.000480997,0.000572113,0.000577906,0.000442394,0.000638992,0.000410487,0.00089983,0.000550547,0.00134887,0.000594255,0.000538232,0.000646684,0.000625499,0.000612525,0.000684706,0.000654073,0.000958498,0.000665611,0.000545367,0.000727766,0.000446696,0.000577913,0.000372853,0.000769945,0.000540688,0.000503434,-4.50498e-05,0.000732996,0.000660188,0.000600261,0.00075296,0.000633735,0.000699233,0.000438261,0.00035425,0.000931281,0.000627316,0.000592862,0.000618534,0.000559384,0.000630137,0.000655838,0.000385505,0.000586522,-0.000279394,-1
0.000313639,0.000400437,0.000379656,0.000464268,0.000535026,0.000423599,0.00041769,0.000442469,0.000358328,0.000283567,0.000307822,0.000287117,0.000347639,0.000346857,0.000336512,0.00036116,0.000492963,0.000355413,0.000377472,0.000360671,0.000467346,0.000388621,0.000347414,0.000409835,0.000467163,0.000480592,0.000311491,0.000537533,0.000391739,0.000510716,0.000314905,0.000333142,0.000473488,0.000288887,0.000323341,0.00030711,0.000391242,0.000538421,0.00035656,0.000341368,0.000438921,0.000429443,0.000218895,0.000444729,0.000224629,0.000400606,0.000554813,0.000594255,0.000621735,0.000429499,0.000357941,0.000386634,0.000341998,0.000455758,0.000517739,0.000574574,0.000467303,0.000391347,0.000457248,0.000413056,0.000310976,0.000358639,0.000517727,0.000378073,0.000277843,0.000121678,0.000493654,0.00033671,0.00030686,0.000429834,0.00056769,0.000324911,0.000285425,0.000288639,0.000591509,0.000385905,0.000360141,0.000325353,0.00037506,0.000535591,0.000433941,0.000164916,0.000281878,-0.00331263,-1
0.000288302,0.000180662,0.000309141,0.000558328,0.00058884,0.000325066,0.000287212,0.000330677,0.000348086,0.000355939,0.00024761,0.000256337,0.000350431,0.000260318,0.000148543,0.00034779,0.000527597,0.000678262,0.000356321,0.00061803,0.000333641,9.9176e-05,0.000436815,0.000502254,0.000193911,0.000505677,0.000352535,0.0003743,0.000376037,0.000769328,0.000136064,0.00064349,0.000500267,0.000362423,0.000343624,0.000267463,0.000326207,0.000750296,0.000455026,0.0003542,0.000679447,0.000424167,0.000470634,0.000433067,0.000244459,0.000396833,0.000326625,0.000538232,0.000429499,0.00192862,0.000480539,0.000320702,0.000332948,0.000736193,0.000737778,0.000784823,0.000637808,0.000452836,0.000639463,0.000361231,8.8909e-05,0.00028335,0.000869699,0.000526834,0.000149186,-0.000485548,0.000864758,0.000388288,0.000332481,0.000486466,0.00038035,0.000180217,0.000357966,0.000201744,0.000660411,0.000452255,0.000591455,0.000773709,0.000682903,0.000362248,0.000659761,1.87137e-05,0.000488053,-0.00348757,-1
0.000469323,0.000528794,0.00042115,0.000559658,0.000547606,0.000536585,0.000608661,0.000510902,0.000358839,0.000292981,0.000448087,0.000473851,0.000287746,0.000437031,0.000437677,0.000360767,0.000590644,0.000439976,0.000522634,0.00059611,0.000394571,0.000538502,0.000449425,0.000537378,0.000562248,0.000621811,0.000241372,0.000590782,0.000572956,0.000441646,0.000456085,0.000460434,0.000516788,0.00044907,0.000313575,0.000570184,0.000326611,0.000476493,0.000463054,0.000153751,0.000445369,0.000377625,0.000297155,0.000366426,0.000162442,0.000536397,0.00033441,0.000646684,0.000357941,0.000480539,0.00108673,0.000531627,0.000311417,0.000485656,0.000565308,0.000651463,0.000351109,0.00038421,0.000526374,0.000209294,0.000455765,0.000203563,0.000583556,0.000237521,0.000532369,-7.35081e-05,0.000592092,0.000484348,0.000282355,0.00049205,0.000379486,0.000397633,0.000375541,0.000178021,0.000454274,0.000491319,0.000447953,0.000368155,0.000358209,0.000362797,0.000494036,0.000261699,0.000414289,0.00120753,-1
0.000414585,0.000499858,0.000454512,0.000466251,0.000495026,0.000468617,0.000516556,0.00049483,0.000376545,0.000226504,0.000343106,0.000328402,0.000409765,0.000465266,0.000414471,0.000323185,0.000518321,0.000453442,0.00059176,0.000389392,0.000300849,0.000660209,0.000295033,0.000521039,0.000524453,0.00050154,0.000335978,0.000592481,0.000463061,0.000591574,0.000408011,0.000438339,0.000520634,0.00031856,0.000263026,0.000492942,0.000243082,0.000487102,0.000426174,0.000257203,0.000463223,0.000413297,0.000297312,0.000284796,0.000272555,0.000616852,0.000350327,0.000625499,0.000386634,0.000320702,0.000531627,0.000897524,0.000318729,0.000381642,0.000487788,0.000599626,0.000404087,0.000385481,0.000473788,0.000355532,0.000391211,0.000259921,0.000511524,0.000442737,0.000334076,-2.19485e-05,0.000504427,0.000503168,0.000288533,0.000545228,0.0004133,0.000430955,0.000443934,0.000245745,0.000421581,0.000431244,0.000429723,0.000367013,0.000336445,0.000412452,0.000412769,0.000272063,0.000287972,0.000852222,-1
0.000349487,0.000358447,0.000290272,0.000411427,0.000612086,0.000506291,0.000411254,0.000495646,0.000257301,0.000418346,0.000271833,0.000219464,0.00041129,0.000230105,0.000316497,0.000295632,0.000477924,0.000449382,0.000546071,0.000486484,0.000491366,0.000310821,0.000312171,0.00038781,0.000337763,0.000527353,0.000400149,0.000643822,0.000383023,0.000493164,0.000519485,0.000494822,0.000428479,0.000287405,0.000329104,0.000304597,0.000442805,0.000525443,0.000363836,0.000393071,0.000434406,0.000377597,0.000218443,0.000422029,0.000278196,0.000551459,0.000308823,0.000612525,0.000341998,0.000332948,0.000311417,0.000318729,0.000784266,0.000322363,0.000456864,0.000594799,0.000453624,0.00039981,0.000375763,0.000389434,0.0002669,0.000308189,0.000631081,0.000496735,0.000188322,-1.55018e-05,0.000521094,0.000416717,0.000374582,0.000341117,0.000302301,0.00040955,0.000311451,0.000256588,0.000632175,0.000361387,0.000488506,0.000475978,0.000489217,0.00030029,0.000497902,0.000295565,0.000230498,-0.00232236,-1
0.000400897,0.000371902,0.000422827,0.000584311,0.000652515,0.000423576,0.000466221,0.00040745,0.000471999,0.000482816,0.000343445,0.000354332,0.000376221,0.000274896,0.00034697,0.000292391,0.000610199,0.00067502,0.000279571,0.000590231,0.000539534,0.000478077,0.000376171,0.000648009,0.000254765,0.000647965,0.000285034,0.000369461,0.000427194,0.000688029,0.000305638,0.000622071,0.000540247,0.000436256,0.000279422,0.000425356,0.000351885,0.000695444,0.000575152,0.000392113,0.000614804,0.00059062,0.00046964,0.000391547,0.000339124,0.000213925,0.000413762,0.000684706,0.000455758,0.000736193,0.000485656,0.000381642,0.000322363,0.00145787,0.000640494,0.000869572,0.000640947,0.000480497,0.000626241,0.000539957,0.000154064,0.000255268,0.00064847,0.000424126,0.000310717,-0.000412348,0.000663131,0.000402236,0.000469908,0.000632336,0.000358423,0.000495151,0.000289282,0.000267195,0.000827096,0.000618235,0.000487193,0.000699549,0.000536365,0.000369898,0.000563583,0.000289534,0.000810903,-0.00589559,-1
0.00043534,0.000379264,0.0004286,0.000703821,0.000760411,0.000614584,0.000349171,0.000407388,0.000277792,0.000393244,0.000329355,0.000300248,0.000465744,0.000302693,0.000243687,0.000355031,0.000574128,0.00060322,0.000607719,0.00057454,0.000516782,0.000446676,0.000362075,0.000528316,0.000243553,0.000573748,0.00046849,0.000571269,0.0004789,0.000666811,0.000334018,0.000633248,0.000538116,0.000309322,0.00044364,0.000375099,0.000402686,0.000688018,0.000497735,0.000347863,0.000572478,0.000486028,0.000380424,0.000539152,0.000436826,0.000554743,0.000494019,0.000654073,0.000517739,0.000737778,0.000565308,0.000487788,0.000456864,0.000640494,0.00129058,0.000764166,0.000645127,0.000450431,0.000658656,0.000506461,0.000240497,0.000276601,0.00127144,0.000610054,0.000282917,-0.000272692,0.00121117,0.000585995,0.000523581,0.00063905,0.000487596,0.000488132,0.000574991,0.000208061,0.000723574,0.000564258,0.000771859,0.000534847,0.00100074,0.000479754,0.000681401,0.000223086,0.000543154,-0.00686594,-1
0.000527128,0.000639964,0.000567624,0.000717193,0.000958224,0.000721419,0.000666394,0.000675684,0.000532592,0.000569535,0.000496782,0.000481375,0.000609068,0.000518223,0.000603952,0.000457488,0.000807043,0.000744488,0.000653033,0.000777178,0.000632547,0.000592888,0.0005493,0.000761153,0.00060528,0.000809184,0.000540827,0.00076322,0.00063541,0.000835399,0.000515721,0.000795482,0.000714466,0.000539578,0.000482069,0.000646034,0.000562861,0.000926414,0.000714474,0.000483024,0.000733178,0.000627165,0.000509671,0.000675601,0.000416457,0.00071052,0.000497084,0.000958498,0.000574574,0.000784823,0.000651463,0.000599626,0.000594799,0.000869572,0.000764166,0.00128816,0.000693177,0.000640667,0.000746494,0.000579073,0.000444929,0.000475112,0.000965178,0.000577301,0.000521023,-0.00014789,0.000914462,0.00062684,0.000693276,0.000831264,0.000546666,0.000557679,0.000562546,0.000347132,0.000987317,0.000715673,0.000745929,0.000894515,0.000754766,0.000571061,0.000790567,0.000397093,0.000647239,-0.00160708,-1
0.000302039,0.000385299,0.000402787,0.000442056,0.000654646,0.000412718,0.000364214,0.000316034,0.000362001,0.000357912,0.0002934,0.00020308,0.000401995,0.000258076,0.00031416,0.000283935,0.000545379,0.000461907,0.000374661,0.000327548,0.000551595,0.000376997,0.00037705,0.000501072,0.000291396,0.000519702,0.000360867,0.00044681,0.00038238,0.000576596,0.000275757,0.0005803,0.000507708,0.000318035,0.000255511,0.000281938,0.000312009,0.000675771,0.000464393,0.000296514,0.000563022,0.000398621,0.000300965,0.000404167,0.000329958,0.000394625,0.000425298,0.000665611,0.000467303,0.000637808,0.000351109,0.000404087,0.000453624,0.000640947,0.000645127,0.000693177,0.000859449,0.000426807,0.000468813,0.000354125,0.000211483,0.000322586,0.000767156,0.000486129,0.00020803,-4.09595e-05,0.00065498,0.000430752,0.000397589,0.000537692,0.00043704,0.000330659,0.000329608,0.000229082,0.000702098,0.000504969,0.000542685,0.00057001,0.000508641,0.000391202,0.000574229,0.000147663,0.000363529,-0.00364641,-1
0.000332957,0.000499752,0.000398242,0.000510973,0.000604584,0.000461857,0.000432711,0.000445067,0.000360488,0.000273501,0.000325856,0.000351148,0.000374294,0.000369657,0.000431444,0.000374289,0.000462937,0.000384916,0.000387526,0.000426639,0.000541986,0.000253041,0.000377082,0.000455589,0.000469448,0.000521053,0.000315788,0.000502187,0.000396197,0.000553579,0.000337362,0.000590993,0.000422054,0.000361407,0.000351244,0.000280788,0.00040143,0.000535556,0.000432973,0.000378514,0.000378292,0.000399075,0.000369434,0.000421251,0.000280312,0.000388091,0.000361369,0.000545367,0.000391347,0.000452836,0.00038421,0.000385481,0.00039981,0.000480497,0.000450431,0.000640667,0.000426807,0.000656948,0.0005363,0.00039588,0.000329033,0.000360199,0.000522905,0.000412065,0.000324143,-3.82804e-05,0.000552262,0.000327025,0.000433803,0.000522204,0.000407323,0.000395534,0.00030725,0.000307392,0.000470757,0.000394284,0.000456931,0.000443047,0.000435692,0.000382684,0.000515511,0.000245649,0.000334692,-0.0028218,-1
0.000466756,0.000491813,0.000562513,0.000610811,0.000721533,0.000624873,0.000449696,0.00061273,0.000500054,0.000330717,0.00034775,0.000384818,0.000440999,0.00040711,0.00039111,0.000429449,0.000531923,0.000504701,0.000520821,0.000546464,0.000484786,0.000384209,0.00044229,0.000611631,0.000545943,0.000554796,0.000318673,0.000593679,0.00055251,0.00067234,0.000460676,0.000574637,0.000448729,0.000410308,0.00032597,0.000514716,0.000335203,0.000676939,0.000533053,0.000452902,0.000544456,0.00051125,0.000378352,0.000605986,0.000356513,0.000578725,0.000404943,0.000727766,0.000457248,0.000639463,0.000526374,0.000473788,0.000375763,0.000626241,0.000658656,0.000746494,0.000468813,0.0005363,0.00107665,0.000496267,0.000381366,0.000344375,0.000696816,0.000491684,0.000461164,-0.000157636,0.000728397,0.000579699,0.000567175,0.000717607,0.000440416,0.000491695,0.000383401,0.000350364,0.000645631,0.000504923,0.000543141,0.00066302,0.00061996,0.000412194,0.000549886,0.000320463,0.000306847,0.00118566,-1
0.000259155,0.000266327,0.000276201,0.000477,0.000651189,0.000398421,0.000320921,0.00039809,0.00033624,0.000378377,0.00023301,0.00019855,0.000374631,0.000268372,0.000235207,0.000331628,0.00039486,0.000452051,0.000392551,0.000449514,0.000410757,0.000290893,0.000318462,0.000431084,0.000461229,0.000435019,0.000275031,0.000449764,0.000376757,0.000395105,0.000307537,0.00056347,0.000320601,0.000202173,0.000393207,0.000427829,0.00046422,0.000538959,0.00039726,0.000403194,0.000375135,0.000443379,0.000343754,0.000300471,0.000226843,0.000314751,0.00040153,0.000446696,0.000413056,0.000361231,0.000209294,0.000355532,0.000389434,0.000539957,0.000506461,0.000579073,0.000354125,0.00039588,0.000496267,0.000964689,0.000278932,0.000316777,0.000487092,0.000415382,0.000331643,-0.000194057,0.00054875,0.000332222,0.000359032,0.000455848,0.00033935,0.000308338,6.06358e-05,0.00021925,0.000645025,0.000369359,0.000431181,0.000521936,0.000485143,0.00029604,0.000508046,0.000148714,0.000383584,-0.00482024,-1
0.000350809,0.000542667,0.000333129,0.000328429,0.00031114,0.000515956,0.000547223,0.000480716,0.000253219,0.00010693,0.000290261,0.000390814,0.000276511,0.000419419,0.000404563,0.000296844,0.000333099,0.000231362,0.000449281,0.000233007,0.000429264,9.12538e-05,0.000250449,0.000227165,0.00102068,0.000419502,0.000166169,0.000708697,0.000347002,0.0003495,0.000513808,0.000320903,0.000359579,0.000162686,0.000177773,0.000356792,0.000322393,0.000253254,0.000276299,0.000173792,0.000220698,0.000265542,9.75741e-05,0.000421043,0.000122471,0.00060388,0.00031112,0.000577913,0.000310976,8.8909e-05,0.000455765,0.000391211,0.0002669,0.000154064,0.000240497,0.000444929,0.000211483,0.000329033,0.000381366,0.000278932,0.00126706,0.000354019,0.000258584,0.000124254,0.000823145,6.46919e-05,0.0002931,0.000357644,0.000154981,0.000310107,0.000371962,0.000464536,0.000144748,0.000260778,0.000309512,0.000277915,0.00016309,0.000130199,0.000195186,0.000377086,0.000282644,0.000118567,0.000147362,0.00474705,-1
0.000257463,0.000364473,0.000265865,0.000378084,0.000385943,0.000362094,0.000400403,0.000364727,0.000312004,0.000169477,0.000267368,0.000244342,0.000273142,0.000299834,0.000394674,0.0003689,0.000354036,0.000184873,0.000281686,0.000231894,0.000408044,0.000269662,0.000273716,0.000291132,0.000418271,0.000306979,0.000280897,0.000477202,0.000284684,0.000386109,0.000344855,0.000315286,0.000263325,0.000240667,0.000350041,0.000253007,0.000390298,0.000397089,0.000240552,0.000306641,0.000279406,0.000352603,0.000122983,0.00035969,0.000126865,0.000430985,0.00035285,0.000372853,0.000358639,0.00028335,0.000203563,0.000259921,0.000308189,0.000255268,0.000276601,0.000475112,0.000322586,0.000360199,0.000344375,0.000316777,0.000354019,0.000670818,0.000319777,0.000327329,0.000247814,0.000232926,0.000334418,0.0002985,0.000219919,0.00029001,0.000345934,0.000232598,0.000136219,0.000472699,0.00040891,0.000257798,0.000265786,0.000330751,0.000292992,0.00034592,0.000383302,2.01734e-05,0.000148174,-0.00263016,-1
0.000379268,0.000422127,0.000432652,0.000688967,0.000920332,0.000631861,0.00044242,0.000429275,0.000315413,0.000556377,0.000302955,0.000352029,0.000559024,0.000271335,0.000295514,0.000313727,0.000630787,0.000623819,0.000650115,0.000738238,0.000505097,0.000352655,0.00041885,0.000572081,0.000186976,0.000673705,0.000458757,0.000568416,0.000492167,0.000779432,0.000376875,0.000716589,0.000624388,0.000353298,0.000450721,0.000274741,0.000434398,0.000851639,0.000612897,0.000507088,0.000633326,0.000486447,0.000550465,0.000649647,0.000498402,0.000598749,0.000501037,0.000769945,0.000517727,0.000869699,0.000583556,0.000511524,0.000631081,0.00064847,0.00127144,0.000965178,0.000767156,0.000522905,0.000696816,0.000487092,0.000258584,0.000319777,0.00172014,0.000830291,0.000345313,-0.00027618,0.00143877,0.00059682,0.000650638,0.000714701,0.000499076,0.000373828,0.000558733,0.000203453,0.00093223,0.000573356,0.000876644,0.000822523,0.00128106,0.00046254,0.000830111,0.000199942,0.000632585,-0.00717404,-1
0.000194252,0.00027343,0.000254745,0.000635845,0.000537323,0.00039389,0.000401948,0.000341613,0.000522079,0.000424299,0.000228684,0.000127934,0.000392367,0.00013801,0.000310424,0.000344679,0.000382314,0.000462529,0.000395246,0.000575989,0.000401688,0.000527488,0.000309479,0.000468444,3.69909e-05,0.000362033,0.000318998,0.000380313,0.000338688,0.00049066,9.62227e-05,0.000454907,0.000398099,0.000263223,0.000270391,0.000357856,0.000286158,0.000581008,0.00040885,0.000453227,0.000592953,0.000520613,0.000206681,0.000452961,0.00036834,0.000405033,0.000318032,0.000540688,0.000378073,0.000526834,0.000237521,0.000442737,0.000496735,0.000424126,0.000610054,0.000577301,0.000486129,0.000412065,0.000491684,0.000415382,0.000124254,0.000327329,0.000830291,0.00137674,-1.76433e-05,1.83566e-05,0.000608473,0.000309852,0.000560149,0.000525572,0.000346589,0.000302026,0.000134736,0.000350868,0.000583954,0.000422863,0.000593933,0.000604355,0.000664589,0.000354827,0.000600259,4.74509e-05,0.000416982,-0.00561567,-1
0.000360813,0.000539755,0.000373996,0.000392222,0.000520828,0.000489292,0.000479679,0.000505748,0.000140637,0.000236698,0.000386865,0.000451817,0.000301711,0.000473183,0.000371726,0.000277106,0.000386195,0.00031375,0.0002344,0.000431866,0.000470794,0.000231675,0.000290454,0.00029274,0.000958444,0.000432175,0.000283916,0.000490994,0.000413104,0.000315968,0.000520635,0.000458267,0.000384518,0.000251511,0.000182083,0.000478271,0.000213131,0.000399611,0.000400106,0.000204506,0.000258509,0.000290225,0.000228978,0.000507301,0.000143625,0.000330945,0.00028536,0.000503434,0.000277843,0.000149186,0.000532369,0.000334076,0.000188322,0.000310717,0.000282917,0.000521023,0.00020803,0.000324143,0.000461164,0.000331643,0.000823145,0.000247814,0.000345313,-1.76433e-05,0.00129723,3.78072e-05,0.000425108,0.000328328,0.000160805,0.000355037,0.000298791,0.000395773,0.000179692,0.00022362,0.00044768,0.000244437,0.000245276,0.000214497,0.000221992,0.000270323,0.000303312,0.000168953,0.000235277,0.0050499,-1
-3.78322e-05,0.000135401,6.76326e-05,-0.000102357,-0.000147826,3.84554e-05,8.42284e-05,5.51856e-05,0.000141381,-0.000123917,6.58763e-05,-4.08959e-05,-0.000123076,9.63987e-05,0.000109484,0.000106214,-4.08544e-05,-0.000429891,0.000252298,-0.000215333,5.39977e-05,0.000326444,-4.84072e-05,-7.53192e-05,0.000396497,-0.00013942,-3.32823e-05,0.000487872,-9.28295e-05,-0.000107475,7.00634e-05,-0.000353513,7.05641e-05,-7.37046e-05,-5.27518e-05,-0.000139917,-5.51848e-05,-0.000237906,-0.000202154,-7.55582e-05,-0.000149053,-3.9175e-05,-0.000177852,0.000204596,-1.35327e-05,0.000406122,0.000148623,-4.50498e-05,0.000121678,-0.000485548,-7.35081e-05,-2.19485e-05,-1.55018e-05,-0.000412348,-0.000272692,-0.00014789,-4.09595e-05,-3.82804e-05,-0.000157636,-0.000194057,6.46919e-05,0.000232926,-0.00027618,1.83566e-05,3.78072e-05,0.00184761,-0.000340587,0.000184911,-0.000336921,1.16609e-05,0.000189412,-0.000201474,-0.00016219,0.000114259,-0.000179763,-0.000216899,-0.000170513,-0.00033135,-0.000305817,9.91331e-05,-0.000169522,-0.00013423,-0.000437644,0.000696969,-1
0.00047418,0.000399171,0.000416623,0.00072422,0.000864502,0.000676907,0.000403304,0.000519165,0.000149547,0.000516244,0.000350824,0.000367676,0.000570446,0.000328661,0.000220472,0.000363797,0.000675389,0.00057723,0.000636346,0.000823019,0.000481498,0.000384861,0.000407321,0.000627035,0.000207309,0.000650459,0.0004803,0.000635036,0.000485463,0.000713789,0.00043129,0.0006856,0.000607584,0.000396751,0.000525114,0.000411131,0.000512855,0.00080763,0.000544737,0.000525299,0.000690099,0.000439685,0.000530389,0.000597207,0.000490768,0.000599786,0.000469689,0.000732996,0.000493654,0.000864758,0.000592092,0.000504427,0.000521094,0.000663131,0.00121117,0.000914462,0.00065498,0.000552262,0.000728397,0.00054875,0.0002931,0.000334418,0.00143877,0.000608473,0.000425108,-0.000340587,0.00159788,0.000671394,0.000614342,0.000756743,0.000504297,0.000436845,0.00056216,0.000244448,0.000739546,0.000576059,0.000861482,0.000699512,0.00119618,0.000463354,0.00075131,0.00025869,0.000669084,-0.0066038,-1
0.000532489,0.000386446,0.00035382,0.000438627,0.000495465,0.000680763,0.000266162,0.00064286,0.000186906,0.000280416,0.000297945,0.000256273,0.000467257,0.000313199,0.000315837,0.000381006,0.000515047,0.000465345,0.00110625,0.000605378,0.0002901,0.000345909,0.000346114,0.000472056,0.00056315,0.000511335,0.000392379,0.00123345,0.000399576,0.000653546,0.000694508,0.000582957,0.000536498,0.000289429,0.000364094,0.000455685,0.000401299,0.000443058,0.000375105,0.000390287,0.0004564,0.000396619,0.000285741,0.000487439,0.000192595,0.00134404,0.000279988,0.000660188,0.00033671,0.000388288,0.000484348,0.000503168,0.000416717,0.000402236,0.000585995,0.00062684,0.000430752,0.000327025,0.000579699,0.000332222,0.000357644,0.0002985,0.00059682,0.000309852,0.000328328,0.000184911,0.000671394,0.00152887,0.000285273,0.000592867,0.000348589,0.00049956,0.00031077,0.000212338,0.000518125,0.000349756,0.000499255,0.000673442,0.000409465,0.000363201,0.00037763,0.000544958,0.000479264,0.00378781,-1
0.000206469,0.000323103,0.000400675,0.000567438,0.000712336,0.000529584,0.000351152,0.000382919,0.000272966,0.000284317,0.000199482,0.000249643,0.000406529,0.000232583,0.000312806,0.000266828,0.000477526,0.000448262,0.000252502,0.000459005,0.000249532,0.000232616,0.000271685,0.00049129,0.000161714,0.000460738,0.000315978,0.000295721,0.000408304,0.000503811,0.00020345,0.000580656,0.000444717,0.000310721,0.000252706,0.000352278,0.000298817,0.000623602,0.000477135,0.000514906,0.000546736,0.000459192,0.000412392,0.000345554,0.00039904,0.000265441,0.000249232,0.000600261,0.00030686,0.000332481,0.000282355,0.000288533,0.000374582,0.000469908,0.000523581,0.000693276,0.000397589,0.000433803,0.000567175,0.000359032,0.000154981,0.000219919,0.000650638,0.000560149,0.000160805,-0.000336921,0.000614342,0.000285273,0.00124275,0.000605359,0.000320895,0.000374187,0.000164686,0.000232073,0.00052369,0.000521648,0.000564759,0.000699351,0.000608676,0.000346267,0.000438678,0.000375982,0.000337214,-0.00630402,-1
0.000412017,0.000474491,0.000461554,0.000563458,0.000692357,0.000626698,0.000425139,0.000576869,0.000410744,0.000363629,0.000357181,0.000317494,0.000480892,0.000412729,0.000366431,0.000343492,0.000560633,0.000593349,0.000599924,0.000596395,0.00046149,0.000337625,0.000364957,0.000637532,0.000479166,0.000573202,0.000353219,0.000584153,0.000529448,0.000749493,0.000335986,0.000627274,0.000528045,0.000435329,0.000288437,0.000588715,0.000331396,0.000689324,0.000525521,0.000363073,0.000642669,0.000494361,0.000363495,0.000584419,0.000459322,0.000631273,0.000379304,0.00075296,0.000429834,0.000486466,0.00049205,0.000545228,0.000341117,0.000632336,0.00063905,0.000831264,0.000537692,0.000522204,0.000717607,0.000455848,0.000310107,0.00029001,0.000714701,0.000525572,0.000355037,1.16609e-05,0.000756743,0.000592867,0.000605359,0.00113274,0.000443265,0.00046806,0.000518311,0.000267238,0.000602766,0.000563424,0.000643652,0.000599992,0.000587765,0.000414505,0.00049539,0.00038202,0.000380558,0.00229026,-1
0.000370268,0.000452847,0.000437961,0.00044835,0.000509904,0.000451264,0.000425758,0.000470038,0.000326464,0.000240122,0.000315928,0.000323516,0.000359734,0.000368293,0.000374245,0.000338112,0.000468113,0.000325056,0.000409391,0.000361789,0.000407873,0.000381908,0.000295911,0.000413275,0.0004764,0.000452354,0.000291504,0.00057713,0.000416538,0.000516941,0.00034942,0.000272398,0.000472379,0.000298769,0.000330343,0.000263344,0.000394807,0.000504176,0.000338603,0.000301482,0.000407164,0.000435435,0.000276687,0.000405259,0.000257106,0.000437234,0.000547594,0.000633735,0.00056769,0.00038035,0.000379486,0.0004133,0.000302301,0.000358423,0.000487596,0.000546666,0.00043704,0.000407323,0.000440416,0.00033935,0.000371962,0.000345934,0.000499076,0.000346589,0.000298791,0.000189412,0.000504297,0.000348589,0.000320895,0.000443265,0.000658642,0.000385473,0.000352676,0.000299198,0.000504068,0.000430471,0.000373319,0.000338846,0.000365894,0.000550117,0.000401967,0.000162446,0.000242839,-0.00178794,-1
0.000484661,0.000487866,0.000450551,0.000447933,0.000420361,0.000594827,0.000429078,0.000686354,0.000251429,0.000189056,0.00037758,0.000263822,0.000339442,0.000322049,0.000425461,0.000280649,0.000383045,0.000558693,0.000559264,0.000456452,0.000394798,0.000332857,0.000142662,0.000379604,0.000576841,0.000539979,0.000329126,0.00066099,0.000445569,0.000498102,0.000483415,0.000510912,0.000371933,0.000286782,0.000234881,0.000763353,0.000369999,0.000430368,0.000357209,0.000219953,0.000445205,0.000495095,0.000271888,0.000361489,0.000277214,0.000597177,0.000286466,0.000699233,0.000324911,0.000180217,0.000397633,0.000430955,0.00040955,0.000495151,0.000488132,0.000557679,0.000330659,0.000395534,0.000491695,0.000308338,0.000464536,0.000232598,0.000373828,0.000302026,0.000395773,-0.000201474,0.000436845,0.00049956,0.000374187,0.00046806,0.000385473,0.00122545,0.000575318,0.000296763,0.000506968,0.000618795,0.000469526,0.000426195,0.000273556,0.000282593,0.000412548,0.000449063,0.00028188,0.00237,-1
0.00039318,0.000379729,0.000382176,0.000447646,0.000436135,0.000486637,1.84583e-05,0.000550194,0.000397703,0.000232906,0.000316975,0.00013527,0.00028431,0.00033418,0.000194984,0.000274123,0.000398241,0.000508148,0.000351021,0.000369816,0.00030453,0.000517244,8.64461e-05,0.000310486,0.00019976,0.000542774,0.00042479,0.000352254,0.000436908,0.000619485,0.000376624,0.000257894,0.00035664,0.000347029,0.00018612,0.000596992,0.000200991,0.000460541,0.00031558,0.000187859,0.000349252,0.000435699,0.000281392,0.000170988,0.000327414,0.000422344,0.000261411,0.000438261,0.000285425,0.000357966,0.000375541,0.000443934,0.000311451,0.000289282,0.000574991,0.000562546,0.000329608,0.00030725,0.000383401,6.06358e-05,0.000144748,0.000136219,0.000558733,0.000134736,0.000179692,-0.00016219,0.00056216,0.00031077,0.000164686,0.000518311,0.000352676,0.000575318,0.00201197,0.000177629,0.000332932,0.000436222,0.000534353,0.000238071,0.000287655,0.000363742,0.000167944,0.00015279,0.000103277,0.00192357,-1
0.000235817,0.000325294,0.000262402,0.000294296,0.000320535,0.000338708,0.000338453,0.000377593,0.000237519,0.000156903,0.000257895,0.000236201,0.000245094,0.000255208,0.000345278,0.000339224,0.000294899,0.000216559,0.000196813,0.000210277,0.000317152,0.000254445,0.000214781,0.000293302,0.000362328,0.00026018,0.000292807,0.000370999,0.00027726,0.000380397,0.00037481,0.00022303,0.000201536,0.000238905,0.000300177,0.000236799,0.000346582,0.000345766,0.000199984,0.000281074,0.000299313,0.000306856,8.31289e-05,0.000271558,0.000110705,0.000274667,0.000279536,0.00035425,0.000288639,0.000201744,0.000178021,0.000245745,0.000256588,0.000267195,0.000208061,0.000347132,0.000229082,0.000307392,0.000350364,0.00021925,0.000260778,0.000472699,0.000203453,0.000350868,0.00022362,0.000114259,0.000244448,0.000212338,0.000232073,0.000267238,0.000299198,0.000296763,0.000177629,0.000525068,0.000306883,0.000224901,0.000217152,0.00018742,0.000207967,0.000301968,0.000248644,9.59427e-05,0.000143259,-0.00156736,-1
0.000458348,0.000497967,0.000424027,0.000610447,0.000883732,0.000674988,0.000473242,0.000546202,0.000392462,0.000631911,0.000368798,0.000296752,0.000546276,0.00030612,0.000384048,0.000395799,0.000720118,0.000683059,0.00053196,0.000671991,0.000565763,0.000480929,0.000514502,0.00059488,0.000534929,0.000752173,0.00053908,0.000673715,0.000605243,0.000748653,0.000360801,0.000733214,0.000635888,0.000426635,0.000431959,0.000560243,0.000521028,0.000884498,0.000653697,0.000607525,0.000661654,0.000571225,0.000360793,0.000557248,0.000392384,0.000565339,0.00052766,0.000931281,0.000591509,0.000660411,0.000454274,0.000421581,0.000632175,0.000827096,0.000723574,0.000987317,0.000702098,0.000470757,0.000645631,0.000645025,0.000309512,0.00040891,0.00093223,0.000583954,0.00044768,-0.000179763,0.000739546,0.000518125,0.00052369,0.000602766,0.000504068,0.000506968,0.000332932,0.000306883,0.0014806,0.000605077,0.000649823,0.000778742,0.000654502,0.000494586,0.000653968,0.000346503,0.00062097,-0.00361805,-1
0.000391342,0.000451078,0.000469417,0.000505751,0.000622133,0.000397781,0.000473372,0.000359762,0.000342244,0.000302454,0.000368122,0.000285173,0.000393636,0.000311435,0.000399555,0.000310605,0.000462863,0.000568121,0.000427796,0.000450708,0.000398776,0.000340155,0.0002741,0.000604471,0.000365544,0.000527166,0.000289361,0.000442662,0.000513659,0.000466806,0.000340153,0.000585796,0.000468834,0.000382177,0.000277116,0.000567855,0.000356631,0.000608766,0.000479496,0.000212241,0.000665425,0.000461624,0.000349045,0.000470648,0.00034576,0.000396402,0.000354777,0.000627316,0.000385905,0.000452255,0.000491319,0.000431244,0.000361387,0.000618235,0.000564258,0.000715673,0.000504969,0.000394284,0.000504923,0.000369359,0.000277915,0.000257798,0.000573356,0.000422863,0.000244437,-0.000216899,0.000576059,0.000349756,0.000521648,0.000563424,0.000430471,0.000618795,0.000436222,0.000224901,0.000605077,0.000946768,0.000609198,0.000542498,0.000450781,0.000377698,0.000477803,0.000302553,0.000470692,-0.000840354,-1
0.000403579,0.000339107,0.000369217,0.000583985,0.000792501,0.000577478,0.000345794,0.000459502,0.000349442,0.000430952,0.000292713,0.000204822,0.000528864,0.000262833,0.00026935,0.000307216,0.000547494,0.000641608,0.000512763,0.000595311,0.000407902,0.000451857,0.000293625,0.000605855,0.000246048,0.000566675,0.00050977,0.000516521,0.00043704,0.000578053,0.000408886,0.000695104,0.000498622,0.00035861,0.000336364,0.0004863,0.000374656,0.000716016,0.000530716,0.000390057,0.000670671,0.000470406,0.000378812,0.000426556,0.000428426,0.000562095,0.000343435,0.000592862,0.000360141,0.000591455,0.000447953,0.000429723,0.000488506,0.000487193,0.000771859,0.000745929,0.000542685,0.000456931,0.000543141,0.000431181,0.00016309,0.000265786,0.000876644,0.000593933,0.000245276,-0.000170513,0.000861482,0.000499255,0.000564759,0.000643652,0.000373319,0.000469526,0.000534353,0.000217152,0.000649823,0.000609198,0.00102212,0.000629173,0.00067692,0.000371015,0.000576686,0.000281049,0.000461944,-0.0017869,-1
0.000350759,0.000301776,0.000263063,0.000444782,0.000823174,0.000469064,0.000245868,0.0005067,0.000303074,0.000470079,0.000155298,0.00019992,0.000501604,0.000159185,0.000285846,0.000288479,0.000494028,0.000536581,0.000457509,0.000688578,0.000302384,0.000142032,0.000308281,0.000602091,5.90317e-05,0.000564169,0.000266525,0.000524824,0.000350359,0.00065095,0.000294356,0.000683799,0.000443202,0.00038947,0.000438364,0.000547896,0.000355054,0.0006963,0.000532011,0.000481817,0.000597954,0.000465565,0.000459123,0.000433534,0.000386146,0.000594256,0.000269951,0.000618534,0.000325353,0.000773709,0.000368155,0.000367013,0.000475978,0.000699549,0.000534847,0.000894515,0.00057001,0.000443047,0.00066302,0.000521936,0.000130199,0.000330751,0.000822523,0.000604355,0.000214497,-0.00033135,0.000699512,0.000673442,0.000699351,0.000599992,0.000338846,0.000426195,0.000238071,0.00018742,0.000778742,0.000542498,0.000629173,0.00169734,0.000707444,0.000210677,0.000679374,0.000375972,0.000534565,-0.00456984,-1
0.0002422,0.000288371,0.000288052,0.00054673,0.000678451,0.000436363,0.000263821,0.000393452,0.000139127,0.000454234,0.000240035,0.000270538,0.000451363,0.000229331,0.000171459,0.000228345,0.000412109,0.000506575,0.000472296,0.00068614,0.000330991,0.000203357,0.000289474,0.000472397,9.23839e-05,0.000429988,0.000341182,0.000491201,0.000300989,0.000591478,0.000262559,0.000582231,0.00043007,0.000249419,0.000436103,0.000210134,0.000421709,0.000609055,0.000365856,0.000433983,0.000499227,0.000387862,0.000367165,0.00048338,0.000408458,0.000432937,0.000372231,0.000559384,0.00037506,0.000682903,0.000358209,0.000336445,0.000489217,0.000536365,0.00100074,0.000754766,0.000508641,0.000435692,0.00061996,0.000485143,0.000195186,0.000292992,0.00128106,0.000664589,0.000221992,-0.000305817,0.00119618,0.000409465,0.000608676,0.000587765,0.000365894,0.000273556,0.000287655,0.000207967,0.000654502,0.000450781,0.00067692,0.000707444,0.00143258,0.000324725,0.00063774,0.000197174,0.00051809,-0.0043601,-1
0.000372403,0.00039467,0.000401275,0.00046471,0.000481122,0.000504862,0.000442869,0.000474886,0.00036103,0.000249222,0.000318443,0.0003308,0.000371321,0.000357357,0.000322759,0.000350465,0.000517928,0.000368321,0.000444598,0.00042464,0.00039713,0.000417982,0.000331556,0.000412905,0.000474061,0.000505371,0.000322183,0.000614813,0.000429102,0.000576019,0.000332057,0.000252244,0.000483535,0.000312274,0.000300645,0.000240816,0.000406652,0.00052644,0.000375648,0.000349357,0.000353972,0.00046248,0.00021077,0.000401653,0.00022799,0.000496972,0.000490905,0.000630137,0.000535591,0.000362248,0.000362797,0.000412452,0.00030029,0.000369898,0.000479754,0.000571061,0.000391202,0.000382684,0.000412194,0.00029604,0.000377086,0.00034592,0.00046254,0.000354827,0.000270323,9.91331e-05,0.000463354,0.000363201,0.000346267,0.000414505,0.000550117,0.000282593,0.000363742,0.000301968,0.000494586,0.000377698,0.000371015,0.000210677,0.000324725,0.000691702,0.00040807,0.000195053,0.000309562,-0.000711449,-1
0.000404943,0.000415711,0.000409747,0.000543141,0.000681908,0.000537599,0.000432463,0.000507424,0.000376697,0.000413015,0.000357259,0.000345825,0.000457391,0.000327991,0.000445252,0.000349218,0.000500875,0.000531271,0.000435526,0.000648622,0.000519686,0.000333259,0.000430803,0.000507514,0.000381052,0.000545099,0.000364386,0.000512141,0.000430641,0.000592275,0.000415255,0.000647099,0.000362693,0.000330334,0.000406729,0.000345357,0.000393721,0.000731117,0.000478908,0.000351492,0.00042283,0.000538103,0.000396803,0.000463891,0.000321354,0.000421742,0.000401268,0.000655838,0.000433941,0.000659761,0.000494036,0.000412769,0.000497902,0.000563583,0.000681401,0.000790567,0.000574229,0.000515511,0.000549886,0.000508046,0.000282644,0.000383302,0.000830111,0.000600259,0.000303312,-0.000169522,0.00075131,0.00037763,0.000438678,0.00049539,0.000401967,0.000412548,0.000167944,0.000248644,0.000653968,0.000477803,0.000576686,0.000679374,0.00063774,0.00040807,0.00109221,0.000175172,0.00044015,-0.0070279,-1
0.000229223,0.000168363,0.000349202,5.84237e-05,0.000423247,0.00043276,0.000156247,0.00043903,0.000100274,0.00022392,0.000167212,0.000129516,0.00037087,5.25632e-05,0.000154999,0.000107763,0.000279519,0.000412238,0.000393567,0.000417697,0.000143572,0.000182577,0.000137548,0.000339833,0.000321049,0.000315367,0.000271662,0.000463917,0.000345226,0.000362819,0.000555356,0.000283359,0.00028471,0.000242743,0.000184824,0.000393789,0.00026248,0.000324817,0.000289278,0.000254744,0.000356282,0.000194366,0.000213958,0.000270633,8.47407e-05,0.000445304,7.7255e-05,0.000385505,0.000164916,1.87137e-05,0.000261699,0.000272063,0.000295565,0.000289534,0.000223086,0.000397093,0.000147663,0.000245649,0.000320463,0.000148714,0.000118567,2.01734e-05,0.000199942,4.74509e-05,0.000168953,-0.00013423,0.00025869,0.000544958,0.000375982,0.00038202,0.000162446,0.000449063,0.00015279,9.59427e-05,0.000346503,0.000302553,0.000281049,0.000375972,0.000197174,0.000195053,0.000175172,0.000958922,4.29238e-05,-0.00106197,-1
0.000312519,0.000273573,0.00030949,0.000570556,0.00042607,0.000485509,0.000341136,0.000371023,0.000372794,0.000440695,0.000125462,0.000318617,0.000349333,0.000185613,0.000206492,0.000211601,0.000445124,0.000538451,0.000308542,0.000482931,0.000455727,0.000497212,0.000274748,0.000437008,7.16197e-05,0.000589786,0.00024397,0.000515559,0.000347625,0.000610839,0.00010663,0.000528882,0.00040489,0.000308442,0.000267271,0.000328342,0.000176682,0.000493641,0.000515509,0.000337354,0.000653666,0.000517646,0.000274615,0.000377684,0.000239429,0.000390134,0.000329174,0.000586522,0.000281878,0.000488053,0.000414289,0.000287972,0.000230498,0.000810903,0.000543154,0.000647239,0.000363529,0.000334692,0.000306847,0.000383584,0.000147362,0.000148174,0.000632585,0.000416982,0.000235277,-0.000437644,0.000669084,0.000479264,0.000337214,0.000380558,0.000242839,0.00028188,0.000103277,0.000143259,0.00062097,0.000470692,0.000461944,0.000534565,0.00051809,0.000309562,0.00044015,4.29238e-05,0.00210316,-0.00541061,-1
0.00286202,-0.00106724,0.00165752,0.000159126,-0.00305793,0.00237257,-0.00203712,0.00249218,-0.00384434,1.13169e-05,-0.00312485,0.000969366,-0.00151055,-0.00097084,-0.00424349,-0.00137968,-0.00145607,0.000139264,0.0027804,0.000234445,-0.00485271,-0.00781409,-0.0016437,-0.000852641,0.00653618,-0.000916144,-0.00123178,0.00385345,-2.3147e-05,-0.00258841,0.00676324,0.00013524,-0.00226815,-0.00236004,-0.000313309,0.00337676,0.00415959,-0.00530442,-0.00280867,0.0014206,-0.00307722,-0.00430207,0.000365822,-0.000660012,-0.00414512,0.00687802,-0.00264931,-0.000279394,-0.00331263,-0.00348757,0.00120753,0.000852222,-0.00232236,-0.00589559,-0.00686594,-0.00160708,-0.00364641,-0.0028218,0.00118566,-0.00482024,0.00474705,-0.00263016,-0.00717404,-0.00561567,0.0050499,0.000696969,-0.0066038,0.00378781,-0.00630402,0.00229026,-0.00178794,0.00237,0.00192357,-0.00156736,-0.00361805,-0.000840354,-0.0017869,-0.00456984,-0.0043601,-0.000711449,-0.0070279,-0.00106197,-0.00541061,0,0
-1,-1,-1,-1,-1,-1,-1,-1,-1,-1,-1,-1,-1,-1,-1,-1,-1,-1,-1,-1,-1,-1,-1,-1,-1,-1,-1,-1,-1,-1,-1,-1,-1,-1,-1,-1,-1,-1,-1,-1,-1,-1,-1,-1,-1,-1,-1,-1,-1,-1,-1,-1,-1,-1,-1,-1,-1,-1,-1,-1,-1,-1,-1,-1,-1,-1,-1,-1,-1,-1,-1,-1,-1,-1,-1,-1,-1,-1,-1,-1,-1,-1,-1,0,0
