window,target,Return,Risk, Residual
0,0,-0.000461536,0.0212103,0.000355003
0,0.005,0.00694187,0.0318814,5.94469e-06
0,0.01,0.0142966,0.0412981,8.63726e-06
0,0.015,0.0219785,0.052177,2.61299e-05
0,0.02,0.0289444,0.0600938,1.1802e-05
0,0.025,0.0364498,0.0717982,2.6985e-05
0,0.03,0.0437495,0.0829779,1.30083e-05
0,0.035,0.0508999,0.0944107,1.1839e-05
0,0.04,0.0581397,0.106024,9.85459e-05
0,0.045,0.0653631,0.117697,0.000148089
0,0.05,0.072705,0.128796,1.2818e-05
0,0.055,0.0798935,0.141276,5.55112e-05
0,0.06,0.0871358,0.152467,0.00105649
0,0.065,0.094406,0.164986,1.9316e-05
0,0.07,0.102056,0.180778,3.51777e-05
0,0.075,0.108912,0.187518,2.72983e-05
0,0.08,0.116134,0.200737,0.00017101
0,0.085,0.123397,0.212753,3.01455e-05
0,0.09,0.130615,0.222983,2.48879e-05
0,0.095,0.1379,0.236588,2.84754e-05
0,0.1,0.145017,0.248746,0.0011588
1,0,0.00667682,0.0198862,2.18459e-06
1,0.005,0.00455685,0.0140223,8.07497e-06
1,0.01,0.00232266,0.0188571,5.04899e-05
1,0.015,0.000555087,0.0326823,1.15443e-05
1,0.02,-0.00182403,0.0432036,3.84791e-05
1,0.025,-0.00430382,0.0536235,2.99948e-05
1,0.03,-0.00557038,0.0735525,0.000135786
1,0.035,-0.00789269,0.0859001,7.50767e-05
1,0.04,-0.00998719,0.0996823,3.83515e-05
1,0.045,-0.0119442,0.114219,0.00353854
1,0.05,-0.0136541,0.129864,3.22707e-05
1,0.055,-0.0165096,0.137527,5.52141e-05
1,0.06,-0.0182365,0.155152,0.000567953
1,0.065,-0.0202193,0.169955,0.000845092
1,0.07,-0.0227298,0.180252,6.38412e-05
1,0.075,-0.0246613,0.195629,9.08695e-05
1,0.08,-0.0265226,0.210627,4.55833e-05
1,0.085,-0.0291495,0.219431,5.10391e-05
1,0.09,-0.0313218,0.232666,5.04136e-05
1,0.095,-0.0324102,0.254628,0.00776247
1,0.1,-0.035602,0.259815,0.000102616
2,0,0.0126277,0.0329446,1.44161e-06
2,0.005,0.0103001,0.0246964,1.81311e-06
2,0.01,0.00772006,0.019244,2.77857e-06
2,0.015,0.00499296,0.0203296,6.02866e-06
2,0.02,0.00239193,0.0265413,7.76849e-06
2,0.025,-0.00025359,0.0357945,1.03238e-05
2,0.03,-0.0028584,0.0459744,0.000209318
2,0.035,-0.00553495,0.0566991,2.88607e-05
2,0.04,-0.00809428,0.0683471,0.000264733
2,0.045,-0.0107615,0.0790213,1.92024e-05
2,0.05,-0.0133725,0.0903304,1.40197e-05
2,0.055,-0.0159909,0.102496,1.9791e-05
2,0.06,-0.0185463,0.11342,0.00147072
2,0.065,-0.0212006,0.125567,0.000441942
2,0.07,-0.0238193,0.136193,4.87438e-05
2,0.075,-0.0263912,0.148881,0.00118325
2,0.08,-0.0290389,0.159257,2.62632e-05
2,0.085,-0.0316592,0.172276,5.54044e-05
2,0.09,-0.0342581,0.182381,0.000303463
2,0.095,-0.0367522,0.194719,3.2528e-05
2,0.1,-0.0553844,0.227903,0.134996
3,0,0.00270104,0.0254713,2.19884e-05
3,0.005,0.00378333,0.0153847,2.3994e-06
3,0.01,0.00482976,0.021007,1.88146e-06
3,0.015,0.00583157,0.0354229,3.45691e-06
3,0.02,0.00689103,0.051908,6.05757e-05
3,0.025,0.00785577,0.0686095,4.20977e-06
3,0.03,0.00875614,0.0854703,1.72909e-05
3,0.035,0.0099002,0.10299,2.74959e-05
3,0.04,0.0110157,0.12048,1.05913e-05
3,0.045,0.0118829,0.136877,0.00304468
3,0.05,0.012863,0.154524,7.6387e-05
3,0.055,0.0138757,0.171867,2.12617e-05
3,0.06,0.0150986,0.189815,3.20511e-05
3,0.065,0.0157277,0.206175,1.46223e-05
3,0.07,0.0169683,0.224021,1.1994e-05
3,0.075,0.0181362,0.242018,1.43449e-05
3,0.08,0.0190028,0.258755,1.88254e-05
3,0.085,0.0202454,0.276898,1.45892e-05
3,0.09,0.0209746,0.293476,1.6612e-05
3,0.095,0.0222416,0.311709,1.66966e-05
3,0.1,0.0231842,0.32893,2.74626e-05
4,0,0.0090812,0.0263125,1.88671e-06
4,0.005,0.0168268,0.0280531,2.6521e-06
4,0.01,0.024839,0.0381914,3.05759e-06
4,0.015,0.0325936,0.0517058,7.02128e-06
4,0.02,0.0407315,0.0672485,5.22728e-06
4,0.025,0.0485498,0.0829933,5.04291e-06
4,0.03,0.056348,0.0990336,8.13037e-06
4,0.035,0.0638354,0.114842,1.36263e-05
4,0.04,0.071873,0.13156,8.15217e-06
4,0.045,0.079254,0.147469,0.000248844
4,0.05,0.0873699,0.1644,9.35911e-06
4,0.055,0.0949212,0.180613,0.000889709
4,0.06,0.102858,0.197409,1.12212e-05
4,0.065,0.109605,0.212616,2.29278e-05
4,0.07,0.118325,0.230532,1.66696e-05
4,0.075,0.125389,0.246115,0.00162161
4,0.08,0.13379,0.263639,0.000298129
4,0.085,0.140845,0.279334,0.000273419
4,0.09,0.149293,0.296903,1.91107e-05
4,0.095,0.156817,0.3133,8.32999e-05
4,0.1,0.161556,0.325015,7.50877e-05
5,0,-0.0120108,0.0302086,1.30653e-05
5,0.005,-0.00412262,0.0159055,6.50736e-06
5,0.01,0.00368674,0.0262042,0.000103016
5,0.015,0.0114326,0.0458473,4.60912e-06
5,0.02,0.0192748,0.0684994,4.17831e-06
5,0.025,0.0271158,0.0910633,6.35592e-06
5,0.03,0.0350663,0.114448,3.39226e-05
5,0.035,0.0428492,0.13698,5.13446e-05
5,0.04,0.0512346,0.157507,1.26135e-05
5,0.045,0.0586194,0.182614,1.53075e-05
5,0.05,0.0664938,0.205734,2.16204e-05
5,0.055,0.0749658,0.227104,0.000627187
5,0.06,0.0823576,0.253102,0.000874406
5,0.065,0.0901128,0.274822,1.79605e-05
5,0.07,0.0980805,0.29921,2.57408e-05
5,0.075,0.107009,0.31621,0.000136604
5,0.08,0.113917,0.346053,3.88409e-05
5,0.085,0.121727,0.368569,3.42093e-05
5,0.09,0.129488,0.390159,0.000393679
5,0.095,0.138947,0.407986,0.00174538
5,0.1,0.145241,0.437128,4.93783e-05
6,0,-0.00321414,0.0283723,3.31823e-06
6,0.005,-0.00401022,0.0208169,0.000192166
6,0.01,-0.00490441,0.0265341,8.12798e-06
6,0.015,-0.00614331,0.0404031,2.30642e-06
6,0.02,-0.00667082,0.0558961,1.89044e-06
6,0.025,-0.00721673,0.0722289,0.00246942
6,0.03,-0.00736006,0.0884669,1.40346e-05
6,0.035,-0.00761045,0.10517,1.21688e-05
6,0.04,-0.00827615,0.122109,0.000131091
6,0.045,-0.00844731,0.139013,4.18746e-05
6,0.05,-0.00861856,0.155797,1.73978e-05
6,0.055,-0.00892167,0.172781,1.21023e-05
6,0.06,-0.00957906,0.190182,8.16326e-05
6,0.065,-0.0104431,0.207596,8.37233e-05
6,0.07,-0.0110212,0.22478,0.000162829
6,0.075,-0.0104011,0.240915,3.1441e-05
6,0.08,-0.0112228,0.258732,0.000139633
6,0.085,-0.0115014,0.275543,5.34821e-05
6,0.09,-0.0123725,0.293332,0.00182331
6,0.095,-0.0124,0.310072,5.73591e-05
6,0.1,-0.0125465,0.326621,0.00136579
7,0,0.00414442,0.0350478,2.24495e-06
7,0.005,0.00333437,0.0448791,5.523e-06
7,0.01,0.00246575,0.0622194,3.16835e-05
7,0.015,0.00186781,0.0826151,2.96502e-06
7,0.02,0.00172777,0.104075,6.05521e-05
7,0.025,0.000503489,0.127221,9.79603e-06
7,0.03,-0.000141294,0.150133,4.62454e-06
7,0.035,-0.000928115,0.173453,0.000116366
7,0.04,-0.000226419,0.195122,0.00013707
7,0.045,-0.0019747,0.219955,5.02516e-06
7,0.05,-0.00234005,0.243147,1.50913e-05
7,0.055,-0.00263149,0.266226,4.09536e-05
7,0.06,-0.00385065,0.290523,6.76457e-06
7,0.065,-0.0044879,0.314107,8.25927e-06
7,0.07,-0.00510394,0.337722,1.13827e-05
7,0.075,-0.00573822,0.361354,9.1227e-06
7,0.08,-0.00694279,0.38569,8.41243e-06
7,0.085,-0.00759785,0.4094,1.28039e-05
7,0.09,-0.00728105,0.431907,0.00037893
7,0.095,-0.00825062,0.456133,1.36865e-05
7,0.1,-0.00886106,0.479758,1.09592e-05
8,0,0.0167128,0.032307,2.36831e-06
8,0.005,0.010808,0.0191128,1.44752e-06
8,0.01,0.00505806,0.0249166,9.72895e-05
8,0.015,-0.00041056,0.0417577,3.51431e-05
8,0.02,-0.0058886,0.0612064,9.9766e-06
8,0.025,-0.0114212,0.0813684,5.04915e-06
8,0.03,-0.0168632,0.101815,2.07504e-05
8,0.035,-0.0224746,0.12234,1.27727e-05
8,0.04,-0.0278458,0.143243,0.000413971
8,0.045,-0.0336562,0.163693,0.000129805
8,0.05,-0.0388803,0.184619,1.1367e-05
8,0.055,-0.0447402,0.205283,8.27812e-06
8,0.06,-0.0500886,0.226153,1.04086e-05
8,0.065,-0.0553639,0.247213,2.56207e-05
8,0.07,-0.0607659,0.267775,1.36468e-05
8,0.075,-0.0666337,0.288726,5.85655e-05
8,0.08,-0.0716806,0.309439,4.92886e-05
8,0.085,-0.0774798,0.330753,2.27198e-05
8,0.09,-0.0826096,0.351272,4.13468e-05
8,0.095,-0.0880539,0.371782,0.000107612
8,0.1,-0.0943699,0.393049,1.81691e-05
9,0,0.00757987,0.0199935,1.32924e-06
9,0.005,0.00584315,0.0202393,8.08405e-05
9,0.01,0.00423943,0.033641,5.57233e-06
9,0.015,0.00234311,0.0515463,4.13441e-06
9,0.02,0.000421272,0.0665851,9.79134e-06
9,0.025,-0.00127591,0.085,3.46056e-05
9,0.03,-0.00347328,0.103797,0.000409305
9,0.035,-0.00538805,0.121511,1.76281e-05
9,0.04,-0.00693594,0.138188,4.83047e-05
9,0.045,-0.00908641,0.156893,1.51938e-05
9,0.05,-0.0110185,0.174922,6.00073e-05
9,0.055,-0.01294,0.1931,0.00145796
9,0.06,-0.0147482,0.21065,0.000867705
9,0.065,-0.0164644,0.228316,2.55055e-05
9,0.07,-0.0125187,0.239321,0.0142054
9,0.075,-0.0207461,0.266149,9.61809e-05
9,0.08,-0.0219609,0.281897,3.55822e-05
9,0.085,-0.0240439,0.300129,4.86211e-05
9,0.09,-0.0265363,0.32051,2.62931e-05
9,0.095,-0.0270636,0.33135,0.00115896
9,0.1,-0.030164,0.354968,3.49764e-05
10,0,0.00472022,0.0183193,2.52808e-06
10,0.005,0.0140126,0.0298559,2.18529e-06
10,0.01,0.0233542,0.0537644,3.23013e-06
10,0.015,0.0324546,0.0790051,3.25767e-05
10,0.02,0.0413204,0.10415,1.09918e-05
10,0.025,0.0508258,0.131163,0.000410664
10,0.03,0.0599258,0.157209,8.04919e-06
10,0.035,0.0679302,0.180767,0.000307689
10,0.04,0.0767835,0.20625,5.88323e-05
10,0.045,0.0869629,0.234187,1.35222e-05
10,0.05,0.0956777,0.259615,6.6695e-05
10,0.055,0.106082,0.287591,0.000197419
10,0.06,0.115039,0.314453,0.000687466
10,0.065,0.121585,0.33518,0.000944661
10,0.07,0.132762,0.365498,1.63016e-05
10,0.075,0.140543,0.38855,3.87928e-05
10,0.08,0.149033,0.413223,4.42989e-05
10,0.085,0.154878,0.431622,0.00123754
10,0.09,0.169082,0.469742,2.35062e-05
10,0.095,0.176525,0.492225,0.000249486
10,0.1,0.188162,0.523728,0.000460394
11,0,-0.00866066,0.0364141,9.08261e-07
11,0.005,-0.00786922,0.0357628,1.26721e-06
11,0.01,-0.00639824,0.057009,2.06517e-06
11,0.015,-0.00517183,0.0854168,2.36093e-06
11,0.02,-0.00400542,0.115963,4.25024e-06
11,0.025,-0.00299765,0.146914,6.8676e-06
11,0.03,-0.00203346,0.178278,4.16666e-06
11,0.035,-0.000943462,0.209925,6.14935e-06
11,0.04,-5.07149e-05,0.240992,0.000150435
11,0.045,0.00121076,0.273442,6.06462e-06
11,0.05,0.00208958,0.304764,1.02804e-05
11,0.055,0.0031428,0.336568,8.82513e-05
11,0.06,0.00420807,0.36841,7.7083e-06
11,0.065,0.00570523,0.401189,1.38294e-05
11,0.07,0.00660202,0.432791,8.81265e-06
11,0.075,0.00741638,0.464026,1.12895e-05
11,0.08,0.00901663,0.497196,0.000113495
11,0.085,0.00955855,0.527858,1.80265e-05
11,0.09,0.0112124,0.560836,1.52494e-05
11,0.095,0.0120162,0.592447,0.000226899
11,0.1,0.0127842,0.62358,5.05251e-05
12,0,0.0136995,0.0210057,0.000868402
12,0.005,0.0064862,0.0319844,9.09057e-07
12,0.01,-0.00135659,0.0475704,8.77399e-07
12,0.015,-0.00957338,0.0646169,6.31302e-05
12,0.02,-0.0176357,0.0822021,1.30044e-06
12,0.025,-0.0260109,0.100115,7.61286e-06
12,0.03,-0.0339958,0.118034,3.12532e-06
12,0.035,-0.0423026,0.136145,0.000247268
12,0.04,-0.0506186,0.154316,5.74058e-06
12,0.045,-0.0578845,0.172278,2.29507e-05
12,0.05,-0.0665737,0.190512,1.56688e-05
12,0.055,-0.073989,0.208626,5.23267e-06
12,0.06,-0.0833656,0.227104,3.64393e-05
12,0.065,-0.0900691,0.245039,8.33064e-05
12,0.07,-0.0998708,0.263574,4.12467e-06
12,0.075,-0.106486,0.281469,7.1643e-05
12,0.08,-0.115699,0.299941,0.000381358
12,0.085,-0.123782,0.318174,6.62911e-06
12,0.09,-0.131943,0.336435,7.27914e-06
12,0.095,-0.140083,0.354696,1.03373e-05
12,0.1,-0.14905,0.373169,7.4944e-06
13,0,-0.00196023,0.0344887,9.66598e-07
13,0.005,0.00308451,0.0426483,9.30652e-07
13,0.01,0.00835097,0.0555864,8.22287e-07
13,0.015,0.0136656,0.0705628,2.76563e-06
13,0.02,0.0189074,0.0864566,1.81923e-06
13,0.025,0.024506,0.102948,1.82941e-06
13,0.03,0.0296577,0.119825,1.27619e-05
13,0.035,0.0348107,0.13673,3.4986e-06
13,0.04,0.040628,0.153828,2.26705e-06
13,0.045,0.0452369,0.170856,0.00154891
13,0.05,0.0511811,0.188505,3.21777e-06
13,0.055,0.0562939,0.205825,0.00028364
13,0.06,0.0618822,0.223245,3.91124e-06
13,0.065,0.0669778,0.240629,9.22121e-06
13,0.07,0.0728337,0.257852,9.03181e-05
13,0.075,0.0778662,0.275681,3.1197e-05
13,0.08,0.0827704,0.292861,1.07842e-05
13,0.085,0.0862375,0.310583,9.30709e-06
13,0.09,0.0936254,0.327992,6.66899e-06
13,0.095,0.099314,0.34557,6.32547e-06
13,0.1,0.102653,0.362746,0.000251142
14,0,0.00390358,0.0300623,1.70306e-06
14,0.005,0.00938259,0.0354579,8.19889e-07
14,0.01,0.0146165,0.0491412,9.54478e-07
14,0.015,0.0205477,0.0657449,1.04089e-06
14,0.02,0.0262619,0.0843235,1.76107e-06
14,0.025,0.0320963,0.101791,0.000102234
14,0.03,0.037433,0.12261,4.48159e-06
14,0.035,0.0430627,0.142295,4.15683e-06
14,0.04,0.0487397,0.162266,1.11206e-05
14,0.045,0.0545773,0.181053,8.32652e-06
14,0.05,0.0601338,0.20245,6.02132e-05
14,0.055,0.0655455,0.221947,8.1046e-05
14,0.06,0.0713164,0.243143,1.52363e-05
14,0.065,0.076769,0.261883,0.000476155
14,0.07,0.0826259,0.280867,8.17882e-05
14,0.075,0.0882697,0.300699,0.000847474
14,0.08,0.0936496,0.321717,2.97218e-05
14,0.085,0.0993223,0.342534,0.00070695
14,0.09,0.105048,0.360956,1.6303e-05
14,0.095,0.11044,0.382495,1.11942e-05
14,0.1,0.116049,0.402595,1.04434e-05
15,0,0.0109929,0.0384461,6.40162e-06
15,0.005,0.0119613,0.031364,1.98526e-05
15,0.01,0.0129616,0.0345338,8.28361e-07
15,0.015,0.0146359,0.0461893,1.25604e-06
15,0.02,0.0161757,0.0611975,5.22668e-06
15,0.025,0.01744,0.0782231,0.000173694
15,0.03,0.018822,0.0955555,1.56497e-05
15,0.035,0.0199915,0.113817,0.000173125
15,0.04,0.0219848,0.130686,0.00023813
15,0.045,0.0227505,0.149215,0.000479213
15,0.05,0.0239627,0.168617,9.70654e-06
15,0.055,0.0256305,0.186159,1.27835e-05
15,0.06,0.0265447,0.205477,1.80601e-05
15,0.065,0.0272196,0.225766,1.19038e-05
15,0.07,0.0282038,0.244803,0.000511272
15,0.075,0.03009,0.262481,8.63043e-05
15,0.08,0.032914,0.278008,0.000379653
15,0.085,0.0328289,0.299554,8.36338e-05
15,0.09,0.0331163,0.320295,1.87016e-05
15,0.095,0.0359062,0.335133,0.00146998
15,0.1,0.0359639,0.35707,4.06787e-05
16,0,0.00552315,0.0302363,9.7609e-07
16,0.005,0.00641288,0.0385269,2.60895e-05
16,0.01,0.00717368,0.0561684,7.5966e-05
16,0.015,0.00815428,0.0771841,3.78207e-06
16,0.02,0.00888282,0.0992356,8.80758e-06
16,0.025,0.00968367,0.121824,7.91283e-06
16,0.03,0.0105837,0.144791,1.04555e-05
16,0.035,0.0112302,0.167865,1.69441e-05
16,0.04,0.0123941,0.191156,2.1129e-05
16,0.045,0.0130042,0.214243,4.86364e-05
16,0.05,0.0137475,0.237553,0.000528405
16,0.055,0.0143594,0.260426,1.66584e-05
16,0.06,0.0152337,0.284299,1.39758e-05
16,0.065,0.0164615,0.307654,1.76881e-05
16,0.07,0.0166577,0.331279,2.53859e-05
16,0.075,0.0174762,0.354599,0.000479252
16,0.08,0.0193275,0.377824,2.87038e-05
16,0.085,0.0193386,0.401409,2.75827e-05
16,0.09,0.0196867,0.424982,4.59813e-05
16,0.095,0.0209235,0.448227,5.70656e-05
16,0.1,0.0222819,0.471794,0.000104855
17,0,0.0078522,0.0446812,2.58439e-06
17,0.005,0.0039767,0.0628162,1.68183e-05
17,0.01,0.000261413,0.100834,3.48007e-05
17,0.015,-0.00369611,0.142948,1.07542e-05
17,0.02,-0.00759978,0.18498,7.23771e-06
17,0.025,-0.012033,0.230017,1.01318e-05
17,0.03,-0.0158045,0.272466,1.63708e-05
17,0.035,-0.020534,0.319758,0.000557083
17,0.04,-0.0239876,0.361935,2.72568e-05
17,0.045,-0.0292732,0.408382,9.0877e-05
17,0.05,-0.032624,0.450999,6.20059e-05
17,0.055,-0.0375773,0.497259,1.97923e-05
17,0.06,-0.0418556,0.542009,6.19289e-05
17,0.065,-0.0446137,0.58379,0.000118454
17,0.07,-0.0486125,0.628182,2.80438e-05
17,0.075,-0.0566332,0.67877,5.60497e-05
17,0.08,-0.0581109,0.71914,3.33396e-05
17,0.085,-0.0664364,0.76985,7.08616e-05
17,0.09,-0.0687604,0.810932,0.000173131
17,0.095,-0.0685215,0.85173,0.000250342
17,0.1,-0.073454,0.895166,3.97942e-05
18,0,0.0121333,0.054582,1.57261e-06
18,0.005,-0.00343587,0.0903323,2.50992e-06
18,0.01,-0.0191266,0.140579,3.04044e-06
18,0.015,-0.0347145,0.19511,7.48297e-06
18,0.02,-0.050321,0.24665,1.25361e-05
18,0.025,-0.0659101,0.304093,1.81583e-05
18,0.03,-0.0815348,0.357535,7.47321e-06
18,0.035,-0.0968342,0.417155,6.53017e-06
18,0.04,-0.112692,0.47219,1.12454e-05
18,0.045,-0.128224,0.527578,0.000543057
18,0.05,-0.144211,0.567534,0.00795168
18,0.055,-0.159254,0.634901,0.00097851
18,0.06,-0.174879,0.689264,0.000465914
18,0.065,-0.190121,0.740302,1.89305e-05
18,0.07,-0.206095,0.807676,2.07255e-05
18,0.075,-0.221121,0.851109,7.05206e-05
18,0.08,-0.237224,0.919677,0.000252589
18,0.085,-0.251181,0.948235,6.51807e-05
18,0.09,-0.267985,1.02642,2.23931e-05
18,0.095,-0.283738,1.07769,0.000363643
18,0.1,-0.299465,1.14373,2.78144e-05
19,0,-0.00556229,0.0979695,6.35832e-05
19,0.005,-0.00561463,0.120164,4.82883e-06
19,0.01,-0.00769633,0.143517,1.20128e-05
19,0.015,-0.00661585,0.176554,0.000149976
19,0.02,-0.00716375,0.2072,0.000474497
19,0.025,-0.0103781,0.233241,5.51308e-05
19,0.03,-0.0109844,0.267842,5.41069e-05
19,0.035,-0.00805025,0.306541,0.00592559
19,0.04,-0.00336654,0.347256,0.00841808
19,0.045,-0.0125757,0.367736,2.60434e-05
19,0.05,-0.0133381,0.401202,0.000184924
19,0.055,-0.0119157,0.438743,0.0001197
19,0.06,-0.0170541,0.460796,0.000973666
19,0.065,-0.0174078,0.499587,0.00137132
19,0.07,-0.0190715,0.527214,0.00170511
19,0.075,-0.0135767,0.576106,4.0158e-05
19,0.08,-0.018037,0.604019,5.13217e-05
19,0.085,-0.0210358,0.634352,5.5717e-05
19,0.09,-0.0193321,0.672436,0.0069841
19,0.095,-0.021798,0.703677,7.4537e-05
19,0.1,-0.0216926,0.739336,5.09162e-05
20,0,-0.0561752,0.0788707,5.09556e-06
20,0.005,-0.0458165,0.0510134,8.9685e-06
20,0.01,-0.035433,0.0938839,0.000137293
20,0.015,-0.0238087,0.157628,2.01587e-05
20,0.02,-0.0107532,0.226958,1.84842e-05
20,0.025,0.000346464,0.294955,0.000341539
20,0.03,0.0111426,0.363532,2.45363e-05
20,0.035,0.0206398,0.430597,0.00011628
20,0.04,0.0352668,0.504322,0.000820046
20,0.045,0.0417757,0.568701,9.4721e-05
20,0.05,0.0570419,0.643024,0.00109764
20,0.055,0.0683072,0.712762,0.00057042
20,0.06,0.078489,0.78075,5.86792e-05
20,0.065,0.0909895,0.852991,0.0043081
20,0.07,0.0971347,0.917634,0.000415539
20,0.075,0.111372,0.988686,6.27995e-05
20,0.08,0.12219,1.05807,7.20676e-05
20,0.085,0.126261,1.1266,0.000410554
20,0.09,0.145687,1.19896,6.89782e-05
20,0.095,0.151255,1.26612,0.000491704
20,0.1,0.166406,1.33641,0.00126742
21,0,0.00163227,0.0662535,1.94495e-05
21,0.005,-1.74093e-05,0.0614979,8.52391e-05
21,0.01,-0.0026058,0.0676948,0.000305428
21,0.015,-0.00543495,0.0816931,4.44482e-05
21,0.02,-0.00825173,0.100325,6.85764e-05
21,0.025,-0.01099,0.120947,1.59571e-05
21,0.03,-0.0141479,0.143469,1.97246e-05
21,0.035,-0.0172834,0.166039,3.35293e-05
21,0.04,-0.0201361,0.189791,0.000245179
21,0.045,-0.0228958,0.21415,2.96467e-05
21,0.05,-0.0258056,0.238366,2.72922e-05
21,0.055,-0.0288264,0.262284,0.000173283
21,0.06,-0.0320216,0.286695,4.48571e-05
21,0.065,-0.0346094,0.311423,3.77064e-05
21,0.07,-0.0374818,0.335587,0.000180367
21,0.075,-0.0405087,0.360793,7.79745e-05
21,0.08,-0.0432184,0.386159,6.0036e-05
21,0.085,-0.0462222,0.410741,4.69471e-05
21,0.09,-0.0490765,0.435404,0.000560393
21,0.095,-0.052075,0.460258,5.83984e-05
21,0.1,-0.0547136,0.486189,9.4208e-05
22,0,0.0100478,0.0313197,5.75126e-06
22,0.005,-0.00228402,0.032031,1.40087e-05
22,0.01,-0.0145951,0.0476449,0.000152571
22,0.015,-0.0268443,0.0685969,0.000193709
22,0.02,-0.0391146,0.0913186,2.12594e-05
22,0.025,-0.0513612,0.114777,3.04347e-05
22,0.03,-0.0636412,0.138593,0.000450918
22,0.035,-0.0758659,0.162626,0.00109264
22,0.04,-0.0880635,0.186742,8.06231e-05
22,0.045,-0.100322,0.211034,0.000300469
22,0.05,-0.113611,0.236289,0.000116134
22,0.055,-0.12489,0.259654,0.00143092
22,0.06,-0.13705,0.284055,0.000573408
22,0.065,-0.149274,0.308335,0.00144237
22,0.07,-0.16318,0.33422,0.000107494
22,0.075,-0.173887,0.357194,0.000677639
22,0.08,-0.186127,0.381575,0.000169934
22,0.085,-0.198706,0.40632,0.00157425
22,0.09,-0.210616,0.430443,0.000132911
22,0.095,-0.222892,0.454893,0.000103007
22,0.1,-0.23505,0.479365,8.96348e-05
23,0,-0.000156617,0.026415,6.92726e-06
23,0.005,-0.00246162,0.0403917,7.57763e-06
23,0.01,-0.00484886,0.0567521,6.77488e-06
23,0.015,-0.00692735,0.0735737,0.000160974
23,0.02,-0.00963938,0.0916229,5.47783e-05
23,0.025,-0.0120562,0.109439,1.60826e-05
23,0.03,-0.0145862,0.127596,2.64988e-05
23,0.035,-0.0168408,0.145111,9.907e-05
23,0.04,-0.0192864,0.163167,2.01818e-05
23,0.045,-0.0220037,0.181641,0.000233968
23,0.05,-0.0243092,0.199552,5.48813e-05
23,0.055,-0.0266268,0.217444,0.000627452
23,0.06,-0.02894,0.235294,0.000147567
23,0.065,-0.0314698,0.25358,3.67481e-05
23,0.07,-0.0339207,0.271617,0.000150918
23,0.075,-0.0362198,0.289468,3.62141e-05
23,0.08,-0.0384732,0.307519,0.000225308
23,0.085,-0.0413547,0.326133,0.00074595
23,0.09,-0.0435748,0.344045,4.54454e-05
23,0.095,-0.0420848,0.356542,0.000237609
23,0.1,-0.049714,0.382576,0.00170077
24,0,-0.00425346,0.0315327,9.36542e-06
24,0.005,-0.00427599,0.045509,8.0555e-06
24,0.01,-0.00431238,0.06024,1.32776e-05
24,0.015,-0.00428556,0.0778112,2.25069e-05
24,0.02,-0.00444368,0.0913814,0.000718051
24,0.025,-0.00428883,0.111603,4.13864e-05
24,0.03,-0.00432248,0.128074,4.99384e-05
24,0.035,-0.00446144,0.143223,0.000440673
24,0.04,-0.00449755,0.160183,3.96152e-05
24,0.045,-0.00464743,0.175115,5.94056e-05
24,0.05,-0.00436132,0.197295,7.53297e-05
24,0.055,-0.00452477,0.211829,0.000160952
24,0.06,-0.00427516,0.233445,8.69933e-05
24,0.065,-0.00436966,0.249374,0.000595669
24,0.07,-0.00455535,0.264272,0.00035757
24,0.075,-0.00454094,0.281697,0.00011796
24,0.08,-0.00445157,0.299584,0.00301442
24,0.085,-0.00453141,0.316538,0.000323446
24,0.09,-0.00454448,0.334268,0.00128713
24,0.095,-0.00454226,0.351325,0.000169788
24,0.1,-0.00449429,0.369119,0.000212239
25,0,0.00106624,0.0319758,6.10918e-06
25,0.005,0.0020451,0.0386476,8.40908e-06
25,0.01,0.00298827,0.0482799,5.50983e-06
25,0.015,0.00413004,0.0595442,1.29745e-05
25,0.02,0.00517552,0.0715575,1.81168e-05
25,0.025,0.00602875,0.0840097,1.17694e-05
25,0.03,0.00711781,0.0968915,1.09162e-05
25,0.035,0.0080915,0.10987,0.000118489
25,0.04,0.00922397,0.12299,1.65598e-05
25,0.045,0.010301,0.136192,2.05357e-05
25,0.05,0.0112448,0.149471,2.36442e-05
25,0.055,0.0124498,0.162633,2.63513e-05
25,0.06,0.0133241,0.176112,2.78733e-05
25,0.065,0.0145262,0.189347,4.08924e-05
25,0.07,0.0153534,0.202892,3.03661e-05
25,0.075,0.0164286,0.216396,5.0067e-05
25,0.08,0.01743,0.229855,4.02082e-05
25,0.085,0.0183545,0.243217,3.05013e-05
25,0.09,0.0193548,0.256667,0.000646669
25,0.095,0.0202997,0.270135,3.03298e-05
25,0.1,0.0217067,0.283512,0.000135747
26,0,-0.00137338,0.0228874,7.71968e-06
26,0.005,-0.00582417,0.0255443,6.6108e-06
26,0.01,-0.00987552,0.0359488,0.000219944
26,0.015,-0.0136225,0.0489288,1.36629e-05
26,0.02,-0.0165192,0.0610345,0.000370538
26,0.025,-0.0211669,0.0780995,1.91252e-05
26,0.03,-0.0255451,0.0947077,0.000396689
26,0.035,-0.0289307,0.108866,0.00064007
26,0.04,-0.0328258,0.124477,4.29385e-05
26,0.045,-0.036427,0.139807,5.60713e-05
26,0.05,-0.0400321,0.154936,0.000390819
26,0.055,-0.0440208,0.171024,4.57302e-05
26,0.06,-0.0483128,0.187958,0.00026714
26,0.065,-0.0515303,0.201835,5.29342e-05
26,0.07,-0.0566112,0.220554,0.00204385
26,0.075,-0.0590666,0.232402,0.000198774
26,0.08,-0.0631266,0.249139,5.99867e-05
26,0.085,-0.066645,0.264151,8.02599e-05
26,0.09,-0.0705688,0.279971,6.1594e-05
26,0.095,-0.0737961,0.293179,0.000800723
26,0.1,-0.0781,0.310367,0.00011994
27,0,-0.00601315,0.0220926,8.92108e-06
27,0.005,-0.0108242,0.0244163,0.000290771
27,0.01,-0.0154275,0.0298819,4.69941e-06
27,0.015,-0.0201427,0.0373907,8.43267e-06
27,0.02,-0.0250236,0.0460517,6.30411e-06
27,0.025,-0.0298849,0.05521,1.11131e-05
27,0.03,-0.034795,0.0647734,1.07632e-05
27,0.035,-0.0392811,0.0725742,6.30036e-05
27,0.04,-0.0444994,0.0840961,1.87809e-05
27,0.045,-0.0493876,0.0939962,6.41237e-05
27,0.05,-0.0541382,0.103678,3.2623e-05
27,0.055,-0.0591186,0.113694,1.97248e-05
27,0.06,-0.0639949,0.123635,0.000856967
27,0.065,-0.0688499,0.133642,2.52461e-05
27,0.07,-0.0735383,0.143904,0.00136827
27,0.075,-0.0785331,0.153734,5.35333e-05
27,0.08,-0.0833249,0.163638,5.4601e-05
27,0.085,-0.0882066,0.173665,5.74416e-05
27,0.09,-0.093078,0.183676,4.41747e-05
27,0.095,-0.0978095,0.19382,0.000750568
27,0.1,-0.103047,0.203509,0.0101573
28,0,0.000428783,0.0331044,2.20467e-05
28,0.005,0.00122719,0.0272895,1.82962e-05
28,0.01,0.00211565,0.0260153,4.78975e-06
28,0.015,0.00294086,0.0294093,2.19934e-05
28,0.02,0.00387118,0.0383867,7.77558e-06
28,0.025,0.00471936,0.0479363,6.07468e-05
28,0.03,0.00556778,0.0590577,1.86843e-05
28,0.035,0.00640005,0.069988,1.32195e-05
28,0.04,0.00724646,0.0819297,4.66666e-05
28,0.045,0.0080824,0.093298,1.51077e-05
28,0.05,0.0089172,0.105546,1.65134e-05
28,0.055,0.00975443,0.117491,5.09553e-05
28,0.06,0.0102886,0.128655,4.72567e-05
28,0.065,0.0114304,0.141207,2.49231e-05
28,0.07,0.0122468,0.153279,9.19682e-05
28,0.075,0.0131032,0.165761,2.49558e-05
28,0.08,0.0139396,0.177903,2.50484e-05
28,0.085,0.0147706,0.190067,0.000139448
28,0.09,0.0169443,0.206496,0.00425006
28,0.095,0.0164518,0.214049,0.000122061
28,0.1,0.0165865,0.225029,6.48071e-05
29,0,0.00715813,0.0168709,1.70905e-06
29,0.005,0.00175909,0.0235185,3.35925e-06
29,0.01,-0.00442235,0.0345316,0.00636338
29,0.015,-0.0105299,0.047064,7.12838e-06
29,0.02,-0.0162918,0.0602932,4.01861e-05
29,0.025,-0.0220603,0.0736145,5.10366e-05
29,0.03,-0.0281525,0.0872292,0.000369654
29,0.035,-0.0339611,0.100026,2.28036e-05
29,0.04,-0.0399734,0.114306,1.98293e-05
29,0.045,-0.0457805,0.127749,0.000243756
29,0.05,-0.0515099,0.140546,2.30779e-05
29,0.055,-0.0573862,0.154222,2.09958e-05
29,0.06,-0.0632747,0.167889,2.18835e-05
29,0.065,-0.0692184,0.181574,0.000495454
29,0.07,-0.0751586,0.195326,6.33512e-05
29,0.075,-0.0809005,0.208912,2.85411e-05
29,0.08,-0.0868517,0.223423,6.55513e-05
29,0.085,-0.092665,0.2363,6.15341e-05
29,0.09,-0.102765,0.243684,0.00792143
29,0.095,-0.150749,0.818739,1.16004
29,0.1,-0.110319,0.277428,3.62197e-05
30,0,0.00947348,0.0244404,7.53492e-07
30,0.005,0.00950595,0.0268797,6.77632e-05
30,0.01,0.00912035,0.0431296,3.39486e-06
30,0.015,0.00885389,0.0634321,4.6373e-06
30,0.02,0.00861832,0.084036,1.62381e-05
30,0.025,0.00848056,0.105154,8.48216e-06
30,0.03,0.00851792,0.12595,2.96223e-05
30,0.035,0.00823051,0.148253,3.24633e-05
30,0.04,0.0080687,0.170721,1.18253e-05
30,0.045,0.00792343,0.191642,3.69984e-05
30,0.05,0.00782121,0.214421,1.46755e-05
30,0.055,0.00807194,0.234005,1.7802e-05
30,0.06,0.00755522,0.258754,0.00212517
30,0.065,0.00745669,0.280161,1.94971e-05
30,0.07,0.0112692,0.294025,0.001031
30,0.075,0.00706801,0.325584,2.13517e-05
30,0.08,0.00710279,0.346005,0.00012001
30,0.085,0.00697152,0.368015,0.00158493
30,0.09,0.00663805,0.391682,0.000840053
30,0.095,0.00673987,0.4119,2.77981e-05
30,0.1,0.0072636,0.429877,0.00038185
31,0,-0.00258954,0.0283874,8.53337e-07
31,0.005,-0.0110345,0.0461658,8.83525e-07
31,0.01,-0.0194213,0.0716299,9.93941e-07
31,0.015,-0.0278114,0.0989434,1.23792e-05
31,0.02,-0.0364003,0.127087,0.000160145
31,0.025,-0.0447302,0.155377,2.46265e-06
31,0.03,-0.0531714,0.183884,1.99188e-05
31,0.035,-0.0617246,0.212614,1.85782e-05
31,0.04,-0.0700674,0.241147,3.65785e-06
31,0.045,-0.0787791,0.269818,5.53064e-06
31,0.05,-0.0871403,0.298667,8.31729e-06
31,0.055,-0.0957399,0.327294,1.44455e-05
31,0.06,-0.104219,0.356058,6.71634e-06
31,0.065,-0.112554,0.385066,6.30322e-06
31,0.07,-0.121162,0.413305,0.000535993
31,0.075,-0.129216,0.442449,2.90245e-05
31,0.08,-0.138138,0.471261,6.31451e-06
31,0.085,-0.146019,0.500274,0.000171291
31,0.09,-0.154625,0.529536,0.00176267
31,0.095,-0.163579,0.557735,7.59555e-06
31,0.1,-0.172058,0.58656,9.75677e-06
32,0,-0.00631809,0.0320241,3.49337e-06
32,0.005,0.0025263,0.0354104,4.07395e-05
32,0.01,0.0113669,0.0447792,2.6937e-05
32,0.015,0.0201611,0.0571841,6.69789e-05
32,0.02,0.0290425,0.071081,8.94848e-06
32,0.025,0.0377676,0.085788,0.000220529
32,0.03,0.0466755,0.100719,4.45252e-05
32,0.035,0.0554941,0.116107,8.10508e-06
32,0.04,0.0645557,0.131902,0.000232511
32,0.045,0.0731829,0.147174,8.5626e-06
32,0.05,0.0820176,0.162879,9.29288e-06
32,0.055,0.0908522,0.178645,1.01958e-05
32,0.06,0.0996861,0.194459,1.10935e-05
32,0.065,0.108318,0.210732,1.51447e-05
32,0.07,0.117354,0.226187,1.53493e-05
32,0.075,0.12619,0.242088,3.67093e-05
32,0.08,0.135272,0.259055,0.000194067
32,0.085,0.144255,0.273972,8.4539e-05
32,0.09,0.152266,0.290339,0.0031776
32,0.095,0.161225,0.306516,2.69026e-05
32,0.1,0.170132,0.322534,3.5087e-05
33,0,-0.00273518,0.0290396,9.91161e-07
33,0.005,0.00262328,0.0414039,3.01604e-05
33,0.01,0.00798595,0.0577921,1.34669e-06
33,0.015,0.0133101,0.0757686,1.98143e-06
33,0.02,0.0187352,0.0942978,3.43053e-06
33,0.025,0.0241103,0.113208,3.6253e-05
33,0.03,0.0294983,0.132279,3.80918e-06
33,0.035,0.0350173,0.151377,4.92091e-06
33,0.04,0.0403729,0.170697,0.00030378
33,0.045,0.0456607,0.190107,4.24003e-06
33,0.05,0.0510124,0.2095,5.49903e-06
33,0.055,0.056422,0.228871,6.31036e-06
33,0.06,0.0618084,0.248298,1.02088e-05
33,0.065,0.0672013,0.267749,5.54033e-06
33,0.07,0.072803,0.287196,9.31135e-06
33,0.075,0.0778897,0.306774,0.000582465
33,0.08,0.0833501,0.326191,0.000107774
33,0.085,0.0887438,0.345663,7.27221e-06
33,0.09,0.0943783,0.365189,1.2823e-05
33,0.095,0.0997728,0.384708,1.30867e-05
33,0.1,0.104865,0.404203,0.000164733
34,0,0.00311261,0.0369935,2.84027e-06
34,0.005,0.00847982,0.0400107,2.69863e-06
34,0.01,0.0141364,0.0452199,6.98453e-06
34,0.015,0.0190616,0.0518289,3.43275e-06
34,0.02,0.0242806,0.0593406,4.2104e-06
34,0.025,0.029563,0.06768,5.53614e-05
34,0.03,0.0348713,0.0764042,0.000109825
34,0.035,0.0400841,0.0855988,5.95358e-06
34,0.04,0.0453325,0.0949062,9.31933e-06
34,0.045,0.0505891,0.104437,7.76539e-06
34,0.05,0.0558242,0.114155,1.51705e-05
34,0.055,0.0611979,0.123624,1.56015e-05
34,0.06,0.0664886,0.134331,3.72731e-05
34,0.065,0.0718353,0.143277,1.44855e-05
34,0.07,0.0769043,0.153815,2.24612e-05
34,0.075,0.0823499,0.163191,4.58205e-05
34,0.08,0.087371,0.173397,0.00122171
34,0.085,0.0925712,0.183431,1.49286e-05
34,0.09,0.097862,0.19379,0.000272954
34,0.095,0.10309,0.204158,1.98179e-05
34,0.1,0.108326,0.213557,2.51228e-05
35,0,0.00242256,0.0159952,9.85897e-06
35,0.005,-0.00170498,0.0159976,3.55283e-06
35,0.01,-0.00583768,0.0213687,2.68366e-06
35,0.015,-0.0101551,0.0289809,0.000136464
35,0.02,-0.0144646,0.0378149,0.000167362
35,0.025,-0.0186114,0.0481082,1.75142e-05
35,0.03,-0.0228756,0.0579442,2.07187e-05
35,0.035,-0.0270592,0.0679145,5.47036e-06
35,0.04,-0.0314422,0.0782782,1.19375e-05
35,0.045,-0.0354515,0.0883858,0.000549473
35,0.05,-0.0396552,0.0986824,7.74195e-06
35,0.055,-0.0440974,0.109051,1.12764e-05
35,0.06,-0.0481987,0.119264,1.40355e-05
35,0.065,-0.0527782,0.12989,0.000295424
35,0.07,-0.0569091,0.139983,1.69123e-05
35,0.075,-0.0608542,0.150294,1.51389e-05
35,0.08,-0.0650637,0.160705,1.96891e-05
35,0.085,-0.0695574,0.171061,8.70148e-05
35,0.09,-0.0739541,0.181356,2.4187e-05
35,0.095,-0.0776733,0.191805,4.62481e-05
35,0.1,-0.0819076,0.202143,2.00209e-05
36,0,-0.00859402,0.0262824,4.72003e-06
36,0.005,-0.00746604,0.0267108,1.54657e-05
36,0.01,-0.00601884,0.0318843,1.14659e-06
36,0.015,-0.0045727,0.0401271,1.67091e-06
36,0.02,-0.00315275,0.049968,3.60405e-06
36,0.025,-0.0017265,0.0606538,0.00075258
36,0.03,-0.000316043,0.07161,8.49009e-06
36,0.035,0.00111377,0.0829438,4.68639e-06
36,0.04,0.00251338,0.0944934,2.3705e-05
36,0.045,0.00392775,0.106109,5.45465e-06
36,0.05,0.00534465,0.117851,9.96546e-06
36,0.055,0.00675434,0.129876,7.08947e-05
36,0.06,0.00819377,0.141226,0.00221382
36,0.065,0.00953759,0.153826,5.34851e-05
36,0.07,0.0109925,0.165244,2.96986e-05
36,0.075,0.0124326,0.17714,1.07609e-05
36,0.08,0.0137832,0.188994,1.63486e-05
36,0.085,0.015249,0.201434,0.000499076
36,0.09,0.0165848,0.2128,1.41317e-05
36,0.095,0.0181458,0.224769,2.97551e-05
36,0.1,0.0194705,0.236989,1.29229e-05
37,0,0.0100483,0.0182784,6.62104e-05
37,0.005,0.014138,0.0307639,1.51191e-05
37,0.01,0.018189,0.0471235,7.06707e-06
37,0.015,0.02195,0.0634971,7.34024e-06
37,0.02,0.0258423,0.0805776,0.000161391
37,0.025,0.0303381,0.0988187,8.31628e-06
37,0.03,0.0344005,0.116242,1.62552e-05
37,0.035,0.0377757,0.132787,1.14365e-05
37,0.04,0.0422729,0.151063,1.15207e-05
37,0.045,0.0464534,0.168758,2.00841e-05
37,0.05,0.0504106,0.186321,1.14826e-05
37,0.055,0.054301,0.203661,2.36461e-05
37,0.06,0.0584261,0.221435,1.47613e-05
37,0.065,0.062322,0.238768,1.71178e-05
37,0.07,0.0662995,0.256504,2.88558e-05
37,0.075,0.0673658,0.269368,0.000190792
37,0.08,0.0744212,0.291704,1.66596e-05
37,0.085,0.0782576,0.309126,4.14917e-05
37,0.09,0.0823516,0.326834,2.72684e-05
37,0.095,0.0824859,0.338504,0.000323255
37,0.1,0.140192,0.455594,0.00727962
38,0,-0.00877331,0.0138925,9.50152e-07
38,0.005,-0.0118239,0.0269333,2.40426e-06
38,0.01,-0.0145964,0.0463222,5.67527e-06
38,0.015,-0.0161911,0.0654406,1.16125e-05
38,0.02,-0.0199759,0.085791,3.58218e-06
38,0.025,-0.0222661,0.105903,0.000108833
38,0.03,-0.0247787,0.126062,7.99053e-05
38,0.035,-0.0276753,0.146122,6.08178e-06
38,0.04,-0.0293299,0.166392,1.30049e-05
38,0.045,-0.0328069,0.186589,1.04559e-05
38,0.05,-0.035119,0.206757,1.17766e-05
38,0.055,-0.0378454,0.22727,0.00177542
38,0.06,-0.0398027,0.247395,1.44108e-05
38,0.065,-0.042098,0.267766,2.82744e-05
38,0.07,-0.0433398,0.2884,0.000226358
38,0.075,-0.0462788,0.308506,3.99317e-05
38,0.08,-0.0479991,0.328857,0.00034751
38,0.085,-0.0527932,0.34875,5.84656e-05
38,0.09,-0.0537575,0.368993,2.95522e-05
38,0.095,-0.0586114,0.389084,0.000780201
38,0.1,-0.0608866,0.409457,0.0025904
39,0,0.00774192,0.019639,2.36136e-06
39,0.005,0.00782715,0.0241137,9.61194e-07
39,0.01,0.0080245,0.0345661,9.38697e-07
39,0.015,0.00825388,0.047373,9.27975e-07
39,0.02,0.0085297,0.060937,3.62304e-05
39,0.025,0.00873729,0.0751157,1.21331e-06
39,0.03,0.00900603,0.0892012,2.63239e-06
39,0.035,0.00925703,0.103501,9.64365e-05
39,0.04,0.00938541,0.118221,2.15886e-06
39,0.045,0.00958167,0.132741,2.52318e-06
39,0.05,0.00977301,0.147301,3.44947e-06
39,0.055,0.00995539,0.161696,0.000889332
39,0.06,0.0102387,0.176297,7.50101e-06
39,0.065,0.0103889,0.191019,7.5286e-05
39,0.07,0.0105313,0.205779,7.55054e-06
39,0.075,0.010975,0.219661,5.4298e-06
39,0.08,0.0118423,0.233145,1.46742e-05
39,0.085,0.0110833,0.249837,0.000339166
39,0.09,0.0112911,0.264301,0.000380465
39,0.095,0.0117004,0.278272,5.35189e-05
39,0.1,0.0117601,0.293479,1.02462e-05
40,0,0.00314978,0.021871,1.18341e-05
40,0.005,0.0074818,0.0244949,2.64033e-06
40,0.01,0.0119094,0.0317851,2.24712e-06
40,0.015,0.0166078,0.0408061,9.99849e-06
40,0.02,0.0210393,0.0508597,6.80445e-06
40,0.025,0.0258445,0.0611458,2.24665e-05
40,0.03,0.0303734,0.0718341,4.11754e-06
40,0.035,0.0349746,0.0826636,5.4667e-06
40,0.04,0.0393969,0.0935889,6.68551e-05
40,0.045,0.0443333,0.104657,0.000353529
40,0.05,0.048547,0.115789,1.29348e-05
40,0.055,0.0532491,0.126832,9.85004e-06
40,0.06,0.0574254,0.138181,2.449e-05
40,0.065,0.0625261,0.149112,9.7401e-06
40,0.07,0.0673159,0.160406,0.000626497
40,0.075,0.0714937,0.171553,1.71257e-05
40,0.08,0.0762596,0.182717,0.000424458
40,0.085,0.0812032,0.194134,8.17531e-06
40,0.09,0.0854568,0.205165,1.28762e-05
40,0.095,0.0904099,0.216651,9.31713e-06
40,0.1,0.0942931,0.227937,0.000596876
41,0,0.00412951,0.0312153,3.70543e-06
41,0.005,0.0135263,0.0286742,0.000183569
41,0.01,0.0230537,0.0312761,1.5013e-05
41,0.015,0.0324959,0.0381566,2.20794e-06
41,0.02,0.0420869,0.0471269,3.21709e-06
41,0.025,0.0516598,0.0573821,2.94063e-06
41,0.03,0.0612324,0.0683208,6.05838e-05
41,0.035,0.0710489,0.0794122,0.00187372
41,0.04,0.0803844,0.0912739,3.32549e-05
41,0.045,0.0898358,0.103129,0.000461403
41,0.05,0.0995196,0.114908,5.06648e-06
41,0.055,0.109098,0.126865,4.32562e-05
41,0.06,0.118644,0.138925,6.7812e-06
41,0.065,0.128245,0.150943,1.17845e-05
41,0.07,0.137727,0.163115,0.000257708
41,0.075,0.147386,0.175223,1.51334e-05
41,0.08,0.156949,0.187416,3.87947e-05
41,0.085,0.166152,0.199891,1.07728e-05
41,0.09,0.175682,0.212103,7.72008e-06
41,0.095,0.185545,0.224084,3.89465e-05
41,0.1,0.198511,0.2345,0.0162159
42,0,-0.00126882,0.024819,1.65454e-06
42,0.005,0.000685529,0.0336037,3.47564e-06
42,0.01,0.00238405,0.0496339,0.00018374
42,0.015,0.00391238,0.0679782,2.11893e-06
42,0.02,0.00570653,0.087111,0.000162094
42,0.025,0.00801402,0.106459,1.75013e-05
42,0.03,0.00930335,0.126332,8.08115e-06
42,0.035,0.0110608,0.146173,2.14782e-05
42,0.04,0.0131195,0.166054,4.74342e-06
42,0.045,0.0144908,0.186033,4.12221e-06
42,0.05,0.0165204,0.205996,3.18141e-05
42,0.055,0.0179931,0.22605,5.25765e-06
42,0.06,0.0197961,0.246065,1.18077e-05
42,0.065,0.0215012,0.266149,4.5354e-05
42,0.07,0.0232503,0.28622,5.85278e-06
42,0.075,0.0285822,0.305091,0.000177872
42,0.08,0.0280341,0.32588,1.0682e-05
42,0.085,0.0292045,0.34644,0.00014871
42,0.09,0.0356289,0.364577,1.99355e-05
42,0.095,0.0334662,0.386099,1.24362e-05
42,0.1,0.0352698,0.406183,0.000181855
43,0,0.00789336,0.0279299,0.00060045
43,0.005,0.00664207,0.0281722,0.000106812
43,0.01,0.00497121,0.0357302,5.12668e-06
43,0.015,0.00325571,0.0469556,1.34667e-06
43,0.02,0.00157899,0.0597671,4.15946e-06
43,0.025,-0.000362068,0.0735999,1.13684e-05
43,0.03,-0.00215965,0.0877774,2.5776e-06
43,0.035,-0.003846,0.102143,2.47007e-06
43,0.04,-0.00559096,0.116726,1.34451e-05
43,0.045,-0.00729534,0.131544,0.000931914
43,0.05,-0.00914719,0.146,0.000467454
43,0.055,-0.0108337,0.161052,4.426e-06
43,0.06,-0.0124719,0.175863,4.56805e-06
43,0.065,-0.0141787,0.190755,4.99734e-06
43,0.07,-0.0158737,0.205693,0.000466317
43,0.075,-0.0175856,0.220606,1.38172e-05
43,0.08,-0.0192835,0.235557,1.22261e-05
43,0.085,-0.021092,0.250559,2.02633e-05
43,0.09,-0.0227997,0.265537,1.005e-05
43,0.095,-0.0243714,0.280459,2.84499e-05
43,0.1,-0.0269566,0.295104,1.79529e-05
44,0,-0.0002156,0.0155472,2.05146e-06
44,0.005,0.00377272,0.0214113,7.79296e-06
44,0.01,0.0076101,0.0327443,3.33875e-06
44,0.015,0.0114237,0.0458316,0.000180624
44,0.02,0.0151305,0.0605466,5.4879e-06
44,0.025,0.0188695,0.075078,4.72224e-05
44,0.03,0.0225224,0.08965,8.14904e-06
44,0.035,0.0268025,0.105857,5.27976e-05
44,0.04,0.0295767,0.117239,2.31655e-05
44,0.045,0.0339893,0.134912,4.47703e-05
44,0.05,0.0382844,0.150875,2.64424e-05
44,0.055,0.0407702,0.163155,1.61659e-05
44,0.06,0.0456809,0.180458,0.000140279
44,0.065,0.0485645,0.194208,1.50833e-05
44,0.07,0.0534269,0.210828,1.78595e-05
44,0.075,0.0573507,0.226072,9.36465e-05
44,0.08,0.0596581,0.238852,1.80307e-05
44,0.085,0.0645996,0.255644,0.000242191
44,0.09,0.068732,0.271192,0.00184012
44,0.095,0.070662,0.283316,0.000136498
44,0.1,0.0769717,0.302626,2.73424e-05
45,0,0.00105387,0.0478842,1.51533e-05
45,0.005,0.00545263,0.0458817,0.000287008
45,0.01,0.00934516,0.0485222,5.54396e-06
45,0.015,0.0133631,0.0535968,4.22051e-06
45,0.02,0.0171884,0.0627138,3.01625e-05
45,0.025,0.02097,0.0721692,0.00016879
45,0.03,0.0249407,0.0831401,2.63685e-06
45,0.035,0.0287629,0.0949607,4.20727e-06
45,0.04,0.0320502,0.107286,1.49541e-05
45,0.045,0.0361348,0.119971,3.02722e-05
45,0.05,0.0402246,0.132927,1.57436e-05
45,0.055,0.0438996,0.145962,1.47573e-05
45,0.06,0.0478955,0.159331,2.08307e-05
45,0.065,0.0517425,0.172695,9.55351e-06
45,0.07,0.0556027,0.186166,0.000272037
45,0.075,0.059534,0.19971,2.07059e-05
45,0.08,0.0626068,0.212786,1.39208e-05
45,0.085,0.0664619,0.226417,2.24688e-05
45,0.09,0.0713963,0.241162,0.000329652
45,0.095,0.075148,0.25439,7.00467e-05
45,0.1,0.0779145,0.267401,1.62932e-05
46,0,0.0099266,0.0276051,0.000530904
46,0.005,-0.000748487,0.0234527,6.14299e-06
46,0.01,-0.012966,0.036178,5.67262e-05
46,0.015,-0.0257952,0.055459,1.20593e-05
46,0.02,-0.0379627,0.0759007,5.85088e-06
46,0.025,-0.0498639,0.0968447,1.21684e-05
46,0.03,-0.0620664,0.118702,8.44901e-06
46,0.035,-0.0732833,0.139394,1.1473e-05
46,0.04,-0.0841762,0.159933,9.67959e-05
46,0.045,-0.0968709,0.182827,6.04226e-05
46,0.05,-0.107979,0.203894,5.75891e-05
46,0.055,-0.118489,0.22397,2.51397e-05
46,0.06,-0.130051,0.245483,0.000483694
46,0.065,-0.141865,0.266916,0.000215063
46,0.07,-0.15342,0.288673,7.83314e-05
46,0.075,-0.165388,0.311756,2.60581e-05
46,0.08,-0.175707,0.331266,3.63817e-05
46,0.085,-0.188124,0.353846,4.01515e-05
46,0.09,-0.200576,0.377359,3.45857e-05
46,0.095,-0.211413,0.398159,4.86082e-05
46,0.1,-0.222606,0.418817,4.61403e-05
47,0,0.0033313,0.0271291,1.58156e-05
47,0.005,0.00452982,0.0311588,3.23263e-06
47,0.01,0.0050804,0.04186,3.57981e-06
47,0.015,0.0057643,0.0546758,4.34234e-06
47,0.02,0.00646492,0.0685143,7.62479e-06
47,0.025,0.00715378,0.083099,9.4267e-05
47,0.03,0.00791075,0.0978436,7.01415e-06
47,0.035,0.00863577,0.112774,0.000130063
47,0.04,0.00944684,0.127877,1.47951e-05
47,0.045,0.0101261,0.143623,1.03378e-05
47,0.05,0.010975,0.158369,0.000748645
47,0.055,0.0116923,0.173624,1.66568e-05
47,0.06,0.0125056,0.188843,1.80353e-05
47,0.065,0.0132811,0.203636,1.57165e-05
47,0.07,0.0140451,0.219536,0.000445262
47,0.075,0.0147577,0.235937,1.3966e-05
47,0.08,0.0156229,0.250256,0.000264331
47,0.085,0.015926,0.266524,0.000177777
47,0.09,0.0170338,0.281422,3.32012e-05
47,0.095,0.0178804,0.297866,0.000272946
47,0.1,0.0187142,0.311884,2.65167e-05
48,0,-0.000686533,0.0146614,2.11578e-05
48,0.005,0.00306949,0.0194648,1.16207e-06
48,0.01,0.00511526,0.0388741,3.06215e-06
48,0.015,0.00725911,0.0611001,5.80117e-06
48,0.02,0.00961453,0.083971,5.9703e-06
48,0.025,0.0119478,0.106917,7.25233e-06
48,0.03,0.0143971,0.129687,0.000818746
48,0.035,0.0170447,0.153327,1.56797e-05
48,0.04,0.0192738,0.175671,5.35606e-05
48,0.045,0.022593,0.198359,4.09643e-05
48,0.05,0.0243119,0.222253,0.00071016
48,0.055,0.026647,0.245429,1.51113e-05
48,0.06,0.0290139,0.268755,0.00075689
48,0.065,0.0330082,0.29026,0.000300883
48,0.07,0.0340739,0.314643,4.24992e-05
48,0.075,0.0363324,0.338274,2.05151e-05
48,0.08,0.0387675,0.361629,2.39346e-05
48,0.085,0.041372,0.384617,2.1878e-05
48,0.09,0.0438051,0.407706,0.000136425
48,0.095,0.0461625,0.430765,0.000964562
48,0.1,0.0489402,0.454077,5.69035e-05
49,0,0.00745744,0.0272952,3.85286e-06
49,0.005,0.0108903,0.038345,0.000132069
49,0.01,0.0141706,0.0539791,1.5216e-05
49,0.015,0.0175803,0.071315,3.26749e-06
49,0.02,0.0207444,0.0891937,9.8693e-06
49,0.025,0.024128,0.107489,2.24428e-05
49,0.03,0.0272717,0.12597,4.6111e-06
49,0.035,0.0304032,0.144451,1.72278e-05
49,0.04,0.0337871,0.163201,8.52685e-06
49,0.045,0.0370831,0.181961,6.18227e-06
49,0.05,0.0401792,0.200719,0.00051916
49,0.055,0.0433365,0.219532,0.000588896
49,0.06,0.0469014,0.238353,0.000133431
49,0.065,0.0508028,0.256979,1.21709e-05
49,0.07,0.0534173,0.275892,3.87002e-05
49,0.075,0.0566809,0.294847,0.000524291
49,0.08,0.0599157,0.313734,0.000167878
49,0.085,0.0632303,0.332729,2.43733e-05
49,0.09,0.0664898,0.35146,5.83447e-05
49,0.095,0.0693992,0.37034,1.81148e-05
49,0.1,0.073506,0.389432,4.7304e-05
